#
# There is insufficient memory for the Java Runtime Environment to continue.
# Native memory allocation (mmap) failed to map 532676608 bytes. Error detail: G1 virtual space
# Possible reasons:
#   The system is out of physical RAM or swap space
#   This process is running with CompressedOops enabled, and the Java Heap may be blocking the growth of the native heap
# Possible solutions:
#   Reduce memory load on the system
#   Increase physical memory or swap space
#   Check if swap backing store is full
#   Decrease Java heap size (-Xmx/-Xms)
#   Decrease number of Java threads
#   Decrease Java thread stack sizes (-Xss)
#   Set larger code cache with -XX:ReservedCodeCacheSize=
#   JVM is running with Zero Based Compressed Oops mode in which the Java heap is
#     placed in the first 32GB address space. The Java Heap base address is the
#     maximum limit for the native heap growth. Please use -XX:HeapBaseMinAddress
#     to set the Java Heap base and to place the Java Heap above 32GB virtual address.
# This output file may be truncated or incomplete.
#
#  Out of Memory Error (os_windows.cpp:3613), pid=161664, tid=146628
#
# JRE version: OpenJDK Runtime Environment (17.0.12+10) (build 17.0.12+10-LTS)
# Java VM: OpenJDK 64-Bit Server VM (17.0.12+10-LTS, mixed mode, sharing, tiered, compressed oops, compressed class ptrs, g1 gc, windows-amd64)
# No core dump will be written. Minidumps are not enabled by default on client versions of Windows
#

---------------  S U M M A R Y ------------

Command Line: --add-opens=java.base/java.lang=ALL-UNNAMED --add-opens=java.base/java.lang.invoke=ALL-UNNAMED --add-opens=java.base/java.util=ALL-UNNAMED --add-opens=java.prefs/java.util.prefs=ALL-UNNAMED --add-exports=jdk.compiler/com.sun.tools.javac.api=ALL-UNNAMED --add-exports=jdk.compiler/com.sun.tools.javac.util=ALL-UNNAMED --add-opens=java.base/java.util=ALL-UNNAMED --add-opens=java.prefs/java.util.prefs=ALL-UNNAMED --add-opens=java.base/java.nio.charset=ALL-UNNAMED --add-opens=java.base/java.net=ALL-UNNAMED --add-opens=java.base/java.util.concurrent.atomic=ALL-UNNAMED --add-opens=java.xml/javax.xml.namespace=ALL-UNNAMED -Xmx6G -Dfile.encoding=UTF-8 -Duser.country=CN -Duser.language=zh -Duser.variant -javaagent:D:\Documents\.gradle\wrapper\dists\gradle-8.13-bin\5xuhj0ry160q40clulazy9h7d\gradle-8.13\lib\agents\gradle-instrumentation-agent-8.13.jar org.gradle.launcher.daemon.bootstrap.GradleDaemon 8.13

Host: AMD Ryzen 9 3950X 16-Core Processor            , 32 cores, 63G,  Windows 11 , 64 bit Build 26100 (10.0.26100.7309)
Time: Fri Jan  9 02:18:11 2026  Windows 11 , 64 bit Build 26100 (10.0.26100.7309) elapsed time: 2013.949537 seconds (0d 0h 33m 33s)

---------------  T H R E A D  ---------------

Current thread (0x000001792322f120):  VMThread "VM Thread" [stack: 0x0000001e03000000,0x0000001e03100000] [id=146628]

Stack: [0x0000001e03000000,0x0000001e03100000]
Native frames: (J=compiled Java code, j=interpreted, Vv=VM code, C=native code)
V  [jvm.dll+0x67f0a9]
V  [jvm.dll+0x835f48]
V  [jvm.dll+0x837a0e]
V  [jvm.dll+0x838073]
V  [jvm.dll+0x24877f]
V  [jvm.dll+0x67be59]
V  [jvm.dll+0x670a0a]
V  [jvm.dll+0x307186]
V  [jvm.dll+0x30e5d6]
V  [jvm.dll+0x35e7de]
V  [jvm.dll+0x35ea1f]
V  [jvm.dll+0x2de1fc]
V  [jvm.dll+0x2dc587]
V  [jvm.dll+0x2dbcac]
V  [jvm.dll+0x31f47b]
V  [jvm.dll+0x83c88d]
V  [jvm.dll+0x83d5d2]
V  [jvm.dll+0x83daff]
V  [jvm.dll+0x83dee4]
V  [jvm.dll+0x83dfb0]
V  [jvm.dll+0x7e544c]
V  [jvm.dll+0x67df77]
C  [ucrtbase.dll+0x37b0]
C  [KERNEL32.DLL+0x2e8d7]
C  [ntdll.dll+0x8c53c]

VM_Operation (0x0000001e16efabc0): G1CollectForAllocation, mode: safepoint, requested by thread 0x0000017972002710


---------------  P R O C E S S  ---------------

Threads class SMR info:
_java_thread_list=0x000001799475f390, length=503, elements={
0x00000179792ba950, 0x00000179232321e0, 0x0000017923233820, 0x000001792324b720,
0x000001792324e000, 0x0000017923251450, 0x0000017923252890, 0x0000017923254c20,
0x0000017923258160, 0x000001792326bdc0, 0x000001797cd9d5b0, 0x00000179234cd800,
0x000001796a79dd60, 0x000001796a8ea880, 0x000001796a78d570, 0x00000179693ef870,
0x00000179693ee940, 0x00000179693efd80, 0x000001796e1ae9a0, 0x000001796e1af8d0,
0x000001796e1b0800, 0x000001796e1b02f0, 0x000001796e1ae490, 0x000001796e1b44c0,
0x000001796b615a80, 0x000001796b615f90, 0x000001796b619c50, 0x000001796b618300,
0x000001796b617df0, 0x000001796ed5f3e0, 0x0000017972004060, 0x000001797200a5a0,
0x00000179720100c0, 0x000001797200d330, 0x000001797200ec80, 0x000001796e1b49d0,
0x0000017992f75b10, 0x0000017992f78db0, 0x0000017992f77460, 0x0000017992f76a40,
0x0000017992f7e8d0, 0x0000017992f82590, 0x0000017992f82fb0, 0x0000017992f82aa0,
0x0000017992f834c0, 0x0000017992f839d0, 0x0000017992f843f0, 0x0000017992f84900,
0x0000017992f85d40, 0x0000017992f85830, 0x0000017992f87690, 0x0000017992f86250,
0x0000017992f87180, 0x0000017992f86c70, 0x0000017992f86760, 0x0000017992f87ba0,
0x0000017992f880b0, 0x0000017992f885c0, 0x0000017992f85320, 0x0000017992f8a420,
0x0000017992f88fe0, 0x0000017992f8a930, 0x0000017992f8b350, 0x0000017992f89a00,
0x0000017972b31260, 0x00000179706d2c20, 0x0000017992f73cb0, 0x0000017992f8c790,
0x00000179a6c9bfd0, 0x00000179a6c9b5b0, 0x0000017972b2c160, 0x0000017972010ae0,
0x0000017972b27a80, 0x0000017972b25200, 0x0000017972b25710, 0x00000179706242b0,
0x00000179720147a0, 0x000001796c548410, 0x0000017992f8b860, 0x0000017992f88ad0,
0x0000017992f8cca0, 0x0000017992f8dbd0, 0x0000017992f90960, 0x00000179910f3a20,
0x00000179910f4440, 0x00000179910f4e60, 0x00000179910f3000, 0x00000179910f5370,
0x00000179910f6cc0, 0x00000179910f3510, 0x00000179910f9f60, 0x00000179910fa470,
0x00000179910f8100, 0x00000179910fa980, 0x00000179910fae90, 0x00000179910f8610,
0x00000179910fe640, 0x00000179910fd710, 0x00000179910fd200, 0x00000179910ff060,
0x00000179911004a0, 0x00000179910ffa80, 0x00000179910ff570, 0x00000179910fff90,
0x00000179910fccf0, 0x00000179910fdc20, 0x00000179911009b0, 0x00000179911018e0,
0x0000017991100ec0, 0x00000179911013d0, 0x00000179910fe130, 0x0000017991101df0,
0x0000017991102300, 0x0000017991102810, 0x0000017970623380, 0x0000017970623890,
0x0000017970622960, 0x00000179706200e0, 0x00000179706205f0, 0x0000017970623da0,
0x0000017970621a30, 0x0000017970621f40, 0x0000017970620b00, 0x0000017970621010,
0x0000017970624cd0, 0x0000017970621520, 0x0000017970626b30, 0x0000017970625c00,
0x0000017970628480, 0x00000179706256f0, 0x0000017970628990, 0x0000017970628ea0,
0x0000017970627a60, 0x0000017970627040, 0x0000017970627550, 0x0000017970627f70,
0x00000179706293b0, 0x00000179706298c0, 0x0000017970626110, 0x0000017970629dd0,
0x0000017970626620, 0x000001797062b720, 0x000001797062bc30, 0x000001797062a7f0,
0x000001797062c140, 0x000001797062d070, 0x000001797062ad00, 0x000001797062a2e0,
0x000001797062e4b0, 0x000001797062b210, 0x000001797062e9c0, 0x000001797062f8f0,
0x000001797062cb60, 0x000001797062f3e0, 0x000001797062eed0, 0x000001797062fe00,
0x000001797062c650, 0x0000017970630310, 0x000001797062da90, 0x000001797062dfa0,
0x0000017970630820, 0x0000017970630d30, 0x000001797062d580, 0x00000179706335b0,
0x00000179706330a0, 0x0000017970632170, 0x0000017970631750, 0x0000017970632680,
0x0000017970633fd0, 0x0000017970631240, 0x0000017970631c60, 0x0000017970632b90,
0x0000017970633ac0, 0x00000179706344e0, 0x00000179706381a0, 0x0000017970637270,
0x0000017970637780, 0x0000017970637c90, 0x00000179706349f0, 0x00000179706386b0,
0x0000017970634f00, 0x0000017970638bc0, 0x0000017970635e30, 0x0000017970635410,
0x0000017970635920, 0x000001797063b440, 0x000001797063aa20, 0x000001797063c370,
0x000001797063be60, 0x000001797063af30, 0x000001797063c880, 0x000001797063a000,
0x000001797063b950, 0x00000179706390d0, 0x000001797063cd90, 0x000001797063d2a0,
0x0000017970639af0, 0x000001797063d7b0, 0x000001797063dcc0, 0x000001797063a510,
0x000001797063fb20, 0x000001797063e1d0, 0x000001797063e6e0, 0x000001797063ebf0,
0x000001797063f100, 0x000001797063f610, 0x00000179a6c9cf00, 0x00000179a6c9c9f0,
0x00000179a6c99c60, 0x00000179a6c9a170, 0x00000179a6c9de30, 0x00000179a6c9e340,
0x00000179a6c9ab90, 0x00000179a6ca2000, 0x00000179a6ca2f30, 0x00000179a6ca2a20,
0x00000179a6ca3440, 0x00000179a6c9fc90, 0x00000179a6ca3950, 0x00000179a6ca3e60,
0x00000179a6ca4370, 0x00000179a6ca4880, 0x00000179a6ca4d90, 0x00000179a6ca1af0,
0x00000179a6ca15e0, 0x00000179a6ca7610, 0x00000179a6ca61d0, 0x00000179a6ca5cc0,
0x00000179a6ca8030, 0x00000179a6ca52a0, 0x00000179a6ca8f60, 0x00000179a6ca57b0,
0x00000179a6ca9980, 0x00000179a6ca9e90, 0x00000179a6ca9470, 0x00000179a6ca8a50,
0x00000179a6ca66e0, 0x00000179a6ca8540, 0x00000179a6ca7b20, 0x00000179a6caa3a0,
0x00000179a6ca6bf0, 0x00000179a6caa8b0, 0x00000179a6ca7100, 0x00000179a6cad640,
0x00000179a6cabcf0, 0x00000179a6caadc0, 0x00000179a6cab2d0, 0x00000179a6cab7e0,
0x00000179a6cac200, 0x00000179a6cac710, 0x00000179a6cacc20, 0x00000179a6cad130,
0x00000179a6cadb50, 0x00000179a6caea80, 0x00000179a6cae570, 0x00000179a6caef90,
0x00000179a6cb1810, 0x00000179a6cae060, 0x00000179a6cb1d20, 0x00000179a6cb2230,
0x00000179a6caf4a0, 0x00000179a6cb2c50, 0x00000179a6caf9b0, 0x00000179a6cb3160,
0x00000179a6cb2740, 0x00000179a6cb3670, 0x00000179a6cb0df0, 0x00000179a6cafec0,
0x00000179a6cb3b80, 0x00000179a6cb1300, 0x00000179a6cb03d0, 0x00000179a6cb4090,
0x00000179a6cb08e0, 0x00000179a6cb4ab0, 0x00000179a6cb45a0, 0x00000179a6cb59e0,
0x00000179a6cb7d50, 0x00000179a6cb6e20, 0x00000179a6cb6400, 0x00000179a6cb4fc0,
0x00000179a6cb5ef0, 0x00000179a6cb6910, 0x00000179a6cb7330, 0x00000179a6cb7840,
0x00000179a6cb8260, 0x00000179a6cb8770, 0x00000179a6cb8c80, 0x00000179a6cb54d0,
0x00000179a6cb9190, 0x00000179a6cb96a0, 0x0000017972014cb0, 0x000001797201b700,
0x000001797201df80, 0x000001797201d050, 0x000001797201e490, 0x000001797201d560,
0x000001797201bc10, 0x000001797201c120, 0x000001797201ace0, 0x000001797201e9a0,
0x000001797201eeb0, 0x000001797201f3c0, 0x000001797201f8d0, 0x0000017972002200,
0x00000179720008b0, 0x0000017972004570, 0x00000179720012d0, 0x00000179720017e0,
0x00000179720054a0, 0x0000017972003b50, 0x0000017972001cf0, 0x0000017972005ec0,
0x0000017972003130, 0x0000017972002710, 0x0000017972006df0, 0x0000017972008230,
0x00000179720063d0, 0x000001797200aab0, 0x0000017972008740, 0x0000017972007300,
0x0000017972008c50, 0x0000017972009670, 0x000001797200afc0, 0x0000017972007810,
0x000001797200b4d0, 0x0000017972007d20, 0x000001797200c400, 0x000001797200c910,
0x0000017972009160, 0x0000017972012940, 0x0000017972011f20, 0x0000017972011500,
0x0000017972012430, 0x000001797200f190, 0x0000017972012e50, 0x000001797200f6a0,
0x0000017972013360, 0x00000179941b3900, 0x00000179720105d0, 0x000001797200fbb0,
0x0000017972013d80, 0x000001796c546fd0, 0x000001796c5474e0, 0x000001796c548e30,
0x000001796c548920, 0x000001796c549850, 0x000001796c5479f0, 0x000001796c549d60,
0x000001796c54a270, 0x000001796c547f00, 0x000001796c546ac0, 0x000001796c54a780,
0x000001796c54b6b0, 0x000001796c54bbc0, 0x000001796c54e440, 0x000001796c54d510,
0x000001796c54c0d0, 0x000001796c54c5e0, 0x000001796c54df30, 0x000001796c54da20,
0x000001796c54ac90, 0x000001796c54caf0, 0x000001796c54e950, 0x000001796c551bf0,
0x000001796c552100, 0x000001796c552610, 0x000001796c550cc0, 0x000001796c54ee60,
0x000001796c552b20, 0x000001796c54f370, 0x000001796c553030, 0x000001796c553540,
0x000001796c54fd90, 0x000001796c5562d0, 0x000001796c5558b0, 0x000001796c555dc0,
0x000001796c553f60, 0x000001796c553a50, 0x000001796c554470, 0x000001796c554980,
0x000001796c554e90, 0x000001797109d060, 0x00000179710998b0, 0x000001797109c130,
0x000001797109c640, 0x000001797109a2d0, 0x000001797109a7e0, 0x000001797109cb50,
0x000001797109b200, 0x000001797109acf0, 0x000001797109b710, 0x000001797109d570,
0x0000017971099dc0, 0x00000179710a1c50, 0x000001797109fdf0, 0x00000179710a0300,
0x00000179710a0810, 0x000001797109e4a0, 0x00000179710a1230, 0x00000179710a2160,
0x000001797109e9b0, 0x000001797109eec0, 0x00000179710a2670, 0x00000179710a3090,
0x000001797109f8e0, 0x00000179710a6330, 0x00000179710a4ef0, 0x00000179710a35a0,
0x00000179710a2b80, 0x00000179710a5910, 0x00000179710a6840, 0x00000179710a6d50,
0x00000179710a5e20, 0x00000179710a3ab0, 0x00000179710a49e0, 0x00000179710a7260,
0x00000179710a7770, 0x00000179710a3fc0, 0x00000179710a44d0, 0x00000179710a8bb0,
0x00000179710a7c80, 0x00000179710a8190, 0x00000179710a90c0, 0x0000017972b27f90,
0x0000017972b26640, 0x0000017972b24cf0, 0x0000017972b289b0, 0x0000017972b26b50,
0x0000017972b28ec0, 0x0000017972b27060, 0x0000017972b27570, 0x0000017972b26130,
0x0000017972b284a0, 0x0000017972b293d0, 0x0000017972b25c20, 0x0000017972b298e0,
0x0000017972b2b740, 0x0000017972b2d5a0, 0x0000017972b29df0, 0x0000017972b2bc50,
0x0000017972b2dab0, 0x0000017972b2a300, 0x00000179941b5e30, 0x00000179941b2910,
0x00000179941b9df0, 0x0000017972b2ad20, 0x0000017972b326a0, 0x00000179941b88b0,
0x00000179941b9350, 0x00000179941bd860, 0x00000179941be850, 0x0000017972b31770,
0x0000017972b30840, 0x0000017972b2f400, 0x0000017972b32190, 0x0000017972b330c0,
0x0000017972b335d0, 0x0000017972b2fe20, 0x0000017972b33ae0, 0x0000017972b30330,
0x0000017972b34500, 0x0000017972b33ff0, 0x0000017972b30d50, 0x0000017992f8bd70,
0x0000017992f8ae40, 0x0000017992f894f0, 0x0000017992f8c280, 0x0000017992f8d1b0,
0x0000017992f8d6c0, 0x0000017992f8ff40, 0x0000017992f8f520, 0x0000017992f8e5f0,
0x0000017992f90450, 0x0000017992f8f010, 0x0000017992f8fa30, 0x0000017992f741c0,
0x0000017992f746d0, 0x0000017992f72d80, 0x0000017992f74be0, 0x0000017992f71430,
0x0000017992f71940, 0x0000017992f72360, 0x0000017992f71e50, 0x0000017992f77970,
0x0000017992f77e80, 0x0000017992f7cf80, 0x0000017992f81b70, 0x0000017992f80c40,
0x0000017992f81660, 0x000001796b70e290, 0x000001796b70c940, 0x000001796b70dd80,
0x000001796b70d360, 0x000001796b70ce50, 0x000001796b70e7a0, 0x000001796b70ecb0,
0x00000179941bb330, 0x00000179941bade0, 0x0000017991ea8fc0, 0x00000179a1efd2e0,
0x00000179910d0610, 0x000001799a525ff0, 0x0000017994d6fa00
}

Java Threads: ( => current thread )
  0x00000179792ba950 JavaThread "main" [_thread_blocked, id=159896, stack(0x0000001e02a00000,0x0000001e02b00000)]
  0x00000179232321e0 JavaThread "Reference Handler" daemon [_thread_blocked, id=158728, stack(0x0000001e03100000,0x0000001e03200000)]
  0x0000017923233820 JavaThread "Finalizer" daemon [_thread_blocked, id=160616, stack(0x0000001e03200000,0x0000001e03300000)]
  0x000001792324b720 JavaThread "Signal Dispatcher" daemon [_thread_blocked, id=161344, stack(0x0000001e03300000,0x0000001e03400000)]
  0x000001792324e000 JavaThread "Attach Listener" daemon [_thread_blocked, id=154864, stack(0x0000001e03400000,0x0000001e03500000)]
  0x0000017923251450 JavaThread "Service Thread" daemon [_thread_blocked, id=159108, stack(0x0000001e03500000,0x0000001e03600000)]
  0x0000017923252890 JavaThread "Monitor Deflation Thread" daemon [_thread_blocked, id=157772, stack(0x0000001e03600000,0x0000001e03700000)]
  0x0000017923254c20 JavaThread "C2 CompilerThread0" daemon [_thread_blocked, id=160732, stack(0x0000001e03700000,0x0000001e03800000)]
  0x0000017923258160 JavaThread "C1 CompilerThread0" daemon [_thread_blocked, id=158740, stack(0x0000001e03800000,0x0000001e03900000)]
  0x000001792326bdc0 JavaThread "Sweeper thread" daemon [_thread_blocked, id=161684, stack(0x0000001e03900000,0x0000001e03a00000)]
  0x000001797cd9d5b0 JavaThread "Common-Cleaner" daemon [_thread_blocked, id=158100, stack(0x0000001e03b00000,0x0000001e03c00000)]
  0x00000179234cd800 JavaThread "Notification Thread" daemon [_thread_blocked, id=109692, stack(0x0000001e03e00000,0x0000001e03f00000)]
  0x000001796a79dd60 JavaThread "Daemon health stats" [_thread_blocked, id=161276, stack(0x0000001e04100000,0x0000001e04200000)]
  0x000001796a8ea880 JavaThread "Incoming local TCP Connector on port 58625" [_thread_in_native, id=161136, stack(0x0000001e04000000,0x0000001e04100000)]
  0x000001796a78d570 JavaThread "Daemon periodic checks" [_thread_blocked, id=155320, stack(0x0000001e05b00000,0x0000001e05c00000)]
  0x00000179693ef870 JavaThread "Cache worker for journal cache (D:\Documents\.gradle\caches\journal-1)" [_thread_blocked, id=158280, stack(0x0000001e06300000,0x0000001e06400000)]
  0x00000179693ee940 JavaThread "File lock request listener" [_thread_in_native, id=149376, stack(0x0000001e06400000,0x0000001e06500000)]
  0x00000179693efd80 JavaThread "Cache worker for file hash cache (D:\Documents\.gradle\caches\8.13\fileHashes)" [_thread_blocked, id=155268, stack(0x0000001e06500000,0x0000001e06600000)]
  0x000001796e1ae9a0 JavaThread "File watcher server" daemon [_thread_blocked, id=160032, stack(0x0000001e06e00000,0x0000001e06f00000)]
  0x000001796e1af8d0 JavaThread "File watcher consumer" daemon [_thread_blocked, id=158084, stack(0x0000001e06f00000,0x0000001e07000000)]
  0x000001796e1b0800 JavaThread "jar transforms" [_thread_blocked, id=155416, stack(0x0000001e07000000,0x0000001e07100000)]
  0x000001796e1b02f0 JavaThread "jar transforms Thread 2" [_thread_blocked, id=161504, stack(0x0000001e07100000,0x0000001e07200000)]
  0x000001796e1ae490 JavaThread "Cache worker for file content cache (D:\Documents\.gradle\caches\8.13\fileContent)" [_thread_blocked, id=156116, stack(0x0000001e07800000,0x0000001e07900000)]
  0x000001796e1b44c0 JavaThread "jar transforms Thread 3" [_thread_blocked, id=158748, stack(0x0000001e07900000,0x0000001e07a00000)]
  0x000001796b615a80 JavaThread "jar transforms Thread 4" [_thread_blocked, id=156248, stack(0x0000001e08500000,0x0000001e08600000)]
  0x000001796b615f90 JavaThread "jar transforms Thread 5" [_thread_blocked, id=159380, stack(0x0000001e08600000,0x0000001e08700000)]
  0x000001796b619c50 JavaThread "jar transforms Thread 6" [_thread_blocked, id=138628, stack(0x0000001e08c00000,0x0000001e08d00000)]
  0x000001796b618300 JavaThread "jar transforms Thread 7" [_thread_blocked, id=161172, stack(0x0000001e08d00000,0x0000001e08e00000)]
  0x000001796b617df0 JavaThread "jar transforms Thread 8" [_thread_blocked, id=114936, stack(0x0000001e08e00000,0x0000001e08f00000)]
  0x000001796ed5f3e0 JavaThread "Memory manager" [_thread_blocked, id=159384, stack(0x0000001e08f00000,0x0000001e09000000)]
  0x0000017972004060 JavaThread "pool-3-thread-1" [_thread_blocked, id=156836, stack(0x0000001e1d500000,0x0000001e1d600000)]
  0x000001797200a5a0 JavaThread "RMI Scheduler(0)" daemon [_thread_blocked, id=152788, stack(0x0000001e02700000,0x0000001e02800000)]
  0x00000179720100c0 JavaThread "RMI GC Daemon" daemon [_thread_blocked, id=158348, stack(0x0000001e12200000,0x0000001e12300000)]
  0x000001797200d330 JavaThread "RMI TCP Accept-0" daemon [_thread_in_native, id=152668, stack(0x0000001e12300000,0x0000001e12400000)]
  0x000001797200ec80 JavaThread "RMI Reaper" [_thread_blocked, id=153492, stack(0x0000001e1d900000,0x0000001e1da00000)]
  0x000001796e1b49d0 JavaThread "pool-6-thread-1" [_thread_blocked, id=158772, stack(0x0000001e17300000,0x0000001e17400000)]
  0x0000017992f75b10 JavaThread "Periodic tasks thread" daemon [_thread_blocked, id=157472, stack(0x0000001e1f600000,0x0000001e1f700000)]
  0x0000017992f78db0 JavaThread "ApplicationImpl pooled thread 1" daemon [_thread_blocked, id=160196, stack(0x0000001e1f700000,0x0000001e1f800000)]
  0x0000017992f77460 JavaThread "Java2D Disposer" daemon [_thread_blocked, id=151036, stack(0x0000001e15600000,0x0000001e15700000)]
  0x0000017992f76a40 JavaThread "AWT-Windows" daemon [_thread_in_native, id=161768, stack(0x0000001e1eb00000,0x0000001e1ec00000)]
  0x0000017992f7e8d0 JavaThread "jar transforms Thread 9" [_thread_blocked, id=153616, stack(0x0000001e06100000,0x0000001e06200000)]
  0x0000017992f82590 JavaThread "jar transforms Thread 10" [_thread_blocked, id=157952, stack(0x0000001e06200000,0x0000001e06300000)]
  0x0000017992f82fb0 JavaThread "jar transforms Thread 11" [_thread_blocked, id=162232, stack(0x0000001e06600000,0x0000001e06700000)]
  0x0000017992f82aa0 JavaThread "jar transforms Thread 12" [_thread_blocked, id=157524, stack(0x0000001e06700000,0x0000001e06800000)]
  0x0000017992f834c0 JavaThread "jar transforms Thread 13" [_thread_blocked, id=156212, stack(0x0000001e06d00000,0x0000001e06e00000)]
  0x0000017992f839d0 JavaThread "jar transforms Thread 14" [_thread_blocked, id=161876, stack(0x0000001e07200000,0x0000001e07300000)]
  0x0000017992f843f0 JavaThread "jar transforms Thread 15" [_thread_blocked, id=140772, stack(0x0000001e07300000,0x0000001e07400000)]
  0x0000017992f84900 JavaThread "jar transforms Thread 16" [_thread_blocked, id=159620, stack(0x0000001e07400000,0x0000001e07500000)]
  0x0000017992f85d40 JavaThread "jar transforms Thread 17" [_thread_blocked, id=160448, stack(0x0000001e07500000,0x0000001e07600000)]
  0x0000017992f85830 JavaThread "jar transforms Thread 18" [_thread_blocked, id=128084, stack(0x0000001e07600000,0x0000001e07700000)]
  0x0000017992f87690 JavaThread "jar transforms Thread 19" [_thread_blocked, id=162268, stack(0x0000001e07700000,0x0000001e07800000)]
  0x0000017992f86250 JavaThread "jar transforms Thread 20" [_thread_blocked, id=148572, stack(0x0000001e07a00000,0x0000001e07b00000)]
  0x0000017992f87180 JavaThread "jar transforms Thread 21" [_thread_blocked, id=157196, stack(0x0000001e07b00000,0x0000001e07c00000)]
  0x0000017992f86c70 JavaThread "jar transforms Thread 22" [_thread_blocked, id=162440, stack(0x0000001e07c00000,0x0000001e07d00000)]
  0x0000017992f86760 JavaThread "jar transforms Thread 23" [_thread_blocked, id=162460, stack(0x0000001e07d00000,0x0000001e07e00000)]
  0x0000017992f87ba0 JavaThread "jar transforms Thread 24" [_thread_blocked, id=162588, stack(0x0000001e07e00000,0x0000001e07f00000)]
  0x0000017992f880b0 JavaThread "jar transforms Thread 25" [_thread_blocked, id=156200, stack(0x0000001e07f00000,0x0000001e08000000)]
  0x0000017992f885c0 JavaThread "jar transforms Thread 26" [_thread_blocked, id=162408, stack(0x0000001e08000000,0x0000001e08100000)]
  0x0000017992f85320 JavaThread "jar transforms Thread 27" [_thread_blocked, id=126880, stack(0x0000001e08100000,0x0000001e08200000)]
  0x0000017992f8a420 JavaThread "jar transforms Thread 28" [_thread_blocked, id=161840, stack(0x0000001e08200000,0x0000001e08300000)]
  0x0000017992f88fe0 JavaThread "jar transforms Thread 29" [_thread_blocked, id=161856, stack(0x0000001e08300000,0x0000001e08400000)]
  0x0000017992f8a930 JavaThread "jar transforms Thread 30" [_thread_blocked, id=162700, stack(0x0000001e08400000,0x0000001e08500000)]
  0x0000017992f8b350 JavaThread "jar transforms Thread 31" [_thread_blocked, id=131736, stack(0x0000001e08b00000,0x0000001e08c00000)]
  0x0000017992f89a00 JavaThread "jar transforms Thread 32" [_thread_blocked, id=162464, stack(0x0000001e09500000,0x0000001e09600000)]
  0x0000017972b31260 JavaThread "RMI TCP Accept-0" daemon [_thread_in_native, id=162072, stack(0x0000001e15800000,0x0000001e15900000)]
  0x00000179706d2c20 JavaThread "pool-10-thread-1" [_thread_blocked, id=163208, stack(0x0000001e1b800000,0x0000001e1b900000)]
  0x0000017992f73cb0 JavaThread "pool-14-thread-1" [_thread_blocked, id=163400, stack(0x0000001e18e00000,0x0000001e18f00000)]
  0x0000017992f8c790 JavaThread "RMI TCP Accept-0" daemon [_thread_in_native, id=161328, stack(0x0000001e1a600000,0x0000001e1a700000)]
  0x00000179a6c9bfd0 JavaThread "Periodic tasks thread" daemon [_thread_blocked, id=164092, stack(0x0000001e24900000,0x0000001e24a00000)]
  0x00000179a6c9b5b0 JavaThread "ApplicationImpl pooled thread 1" daemon [_thread_blocked, id=158792, stack(0x0000001e24a00000,0x0000001e24b00000)]
  0x0000017972b2c160 JavaThread "pool-18-thread-1" [_thread_blocked, id=163536, stack(0x0000001e18a00000,0x0000001e18b00000)]
  0x0000017972010ae0 JavaThread "pool-21-thread-1" [_thread_blocked, id=162476, stack(0x0000001e18f00000,0x0000001e19000000)]
  0x0000017972b27a80 JavaThread "RMI TCP Connection(idle)" daemon [_thread_blocked, id=162340, stack(0x0000001e02900000,0x0000001e02a00000)]
  0x0000017972b25200 JavaThread "Daemon Thread 7" [_thread_blocked, id=157220, stack(0x0000001e02800000,0x0000001e02900000)]
  0x0000017972b25710 JavaThread "Daemon worker Thread 6" [_thread_blocked, id=160928, stack(0x0000001e03d00000,0x0000001e03e00000)]
  0x00000179706242b0 JavaThread "included builds" [_thread_blocked, id=158060, stack(0x0000001e0da00000,0x0000001e0db00000)]
  0x00000179720147a0 JavaThread "pool-24-thread-1" [_thread_blocked, id=161240, stack(0x0000001e18700000,0x0000001e18800000)]
  0x000001796c548410 JavaThread "RMI TCP Connection(133)-127.0.0.1" daemon [_thread_in_native, id=160348, stack(0x0000001e1da00000,0x0000001e1db00000)]
  0x0000017992f8b860 JavaThread "RMI TCP Connection(136)-127.0.0.1" daemon [_thread_in_native, id=153100, stack(0x0000001e20d00000,0x0000001e20e00000)]
  0x0000017992f88ad0 JavaThread "RMI TCP Connection(134)-127.0.0.1" daemon [_thread_in_native, id=160724, stack(0x0000001e20e00000,0x0000001e20f00000)]
  0x0000017992f8cca0 JavaThread "RMI TCP Connection(135)-127.0.0.1" daemon [_thread_in_native, id=164492, stack(0x0000001e20f00000,0x0000001e21000000)]
  0x0000017992f8dbd0 JavaThread "RMI TCP Connection(132)-127.0.0.1" daemon [_thread_in_native, id=149080, stack(0x0000001e21300000,0x0000001e21400000)]
  0x0000017992f90960 JavaThread "Exec process Thread 7" [_thread_blocked, id=164408, stack(0x0000001e21c00000,0x0000001e21d00000)]
  0x00000179910f3a20 JavaThread "Exec process Thread 8" [_thread_blocked, id=155376, stack(0x0000001e21d00000,0x0000001e21e00000)]
  0x00000179910f4440 JavaThread "Exec process Thread 9" [_thread_blocked, id=150164, stack(0x0000001e21e00000,0x0000001e21f00000)]
  0x00000179910f4e60 JavaThread "VFS cleanup Thread 7" [_thread_blocked, id=156080, stack(0x0000001e04200000,0x0000001e04300000)]
  0x00000179910f3000 JavaThread "Handler for socket connection from /127.0.0.1:58625 to /127.0.0.1:62907" [_thread_in_native, id=163968, stack(0x0000001e03a00000,0x0000001e03b00000)]
  0x00000179910f5370 JavaThread "Cancel handler" [_thread_blocked, id=156356, stack(0x0000001e03c00000,0x0000001e03d00000)]
  0x00000179910f6cc0 JavaThread "Asynchronous log dispatcher for DefaultDaemonConnection: socket connection from /127.0.0.1:58625 to /127.0.0.1:62907" [_thread_blocked, id=153264, stack(0x0000001e04300000,0x0000001e04400000)]
  0x00000179910f3510 JavaThread "Stdin handler" [_thread_blocked, id=159704, stack(0x0000001e05a00000,0x0000001e05b00000)]
  0x00000179910f9f60 JavaThread "Daemon client event forwarder" [_thread_blocked, id=161992, stack(0x0000001e05c00000,0x0000001e05d00000)]
  0x00000179910fa470 JavaThread "Cache worker for file hash cache (D:\Studio\AndroidStudioProjects\NomiKit\.gradle\8.13\fileHashes)" [_thread_blocked, id=159688, stack(0x0000001e05d00000,0x0000001e05e00000)]
  0x00000179910f8100 JavaThread "Cache worker for Build Output Cleanup Cache (D:\Studio\AndroidStudioProjects\NomiKit\.gradle\buildOutputCleanup)" [_thread_blocked, id=161744, stack(0x0000001e05e00000,0x0000001e05f00000)]
  0x00000179910fa980 JavaThread "Cache worker for Build Output Cleanup Cache (D:\Studio\AndroidStudioProjects\NomiKit\buildSrc\.gradle\buildOutputCleanup)" [_thread_blocked, id=163428, stack(0x0000001e05f00000,0x0000001e06000000)]
  0x00000179910fae90 JavaThread "Cache worker for checksums cache (D:\Studio\AndroidStudioProjects\NomiKit\.gradle\8.13\checksums)" [_thread_blocked, id=158292, stack(0x0000001e06000000,0x0000001e06100000)]
  0x00000179910f8610 JavaThread "Cache worker for cache directory md-supplier (D:\Documents\.gradle\caches\8.13\md-supplier)" [_thread_blocked, id=160708, stack(0x0000001e08700000,0x0000001e08800000)]
  0x00000179910fe640 JavaThread "Cache worker for cache directory md-rule (D:\Documents\.gradle\caches\8.13\md-rule)" [_thread_blocked, id=160744, stack(0x0000001e08800000,0x0000001e08900000)]
  0x00000179910fd710 JavaThread "Unconstrained build operations" [_thread_blocked, id=159916, stack(0x0000001e08900000,0x0000001e08a00000)]
  0x00000179910fd200 JavaThread "Unconstrained build operations Thread 2" [_thread_blocked, id=163036, stack(0x0000001e08a00000,0x0000001e08b00000)]
  0x00000179910ff060 JavaThread "Unconstrained build operations Thread 3" [_thread_blocked, id=157904, stack(0x0000001e09000000,0x0000001e09100000)]
  0x00000179911004a0 JavaThread "Unconstrained build operations Thread 4" [_thread_blocked, id=160088, stack(0x0000001e09100000,0x0000001e09200000)]
  0x00000179910ffa80 JavaThread "Unconstrained build operations Thread 5" [_thread_blocked, id=161828, stack(0x0000001e09200000,0x0000001e09300000)]
  0x00000179910ff570 JavaThread "Unconstrained build operations Thread 6" [_thread_blocked, id=163600, stack(0x0000001e09300000,0x0000001e09400000)]
  0x00000179910fff90 JavaThread "Unconstrained build operations Thread 7" [_thread_blocked, id=156620, stack(0x0000001e09400000,0x0000001e09500000)]
  0x00000179910fccf0 JavaThread "Unconstrained build operations Thread 8" [_thread_blocked, id=160816, stack(0x0000001e09600000,0x0000001e09700000)]
  0x00000179910fdc20 JavaThread "Unconstrained build operations Thread 9" [_thread_blocked, id=155812, stack(0x0000001e09700000,0x0000001e09800000)]
  0x00000179911009b0 JavaThread "Unconstrained build operations Thread 10" [_thread_blocked, id=156056, stack(0x0000001e09800000,0x0000001e09900000)]
  0x00000179911018e0 JavaThread "Unconstrained build operations Thread 11" [_thread_blocked, id=153760, stack(0x0000001e09900000,0x0000001e09a00000)]
  0x0000017991100ec0 JavaThread "Unconstrained build operations Thread 12" [_thread_blocked, id=157968, stack(0x0000001e09a00000,0x0000001e09b00000)]
  0x00000179911013d0 JavaThread "Unconstrained build operations Thread 13" [_thread_blocked, id=155848, stack(0x0000001e09b00000,0x0000001e09c00000)]
  0x00000179910fe130 JavaThread "Unconstrained build operations Thread 14" [_thread_blocked, id=161168, stack(0x0000001e09c00000,0x0000001e09d00000)]
  0x0000017991101df0 JavaThread "Unconstrained build operations Thread 15" [_thread_blocked, id=163164, stack(0x0000001e09d00000,0x0000001e09e00000)]
  0x0000017991102300 JavaThread "Unconstrained build operations Thread 16" [_thread_blocked, id=155216, stack(0x0000001e09e00000,0x0000001e09f00000)]
  0x0000017991102810 JavaThread "Unconstrained build operations Thread 17" [_thread_blocked, id=162908, stack(0x0000001e09f00000,0x0000001e0a000000)]
  0x0000017970623380 JavaThread "Unconstrained build operations Thread 18" [_thread_blocked, id=160472, stack(0x0000001e0a000000,0x0000001e0a100000)]
  0x0000017970623890 JavaThread "Unconstrained build operations Thread 19" [_thread_blocked, id=160512, stack(0x0000001e0a100000,0x0000001e0a200000)]
  0x0000017970622960 JavaThread "Unconstrained build operations Thread 20" [_thread_blocked, id=164412, stack(0x0000001e0a200000,0x0000001e0a300000)]
  0x00000179706200e0 JavaThread "Unconstrained build operations Thread 21" [_thread_blocked, id=146980, stack(0x0000001e0a300000,0x0000001e0a400000)]
  0x00000179706205f0 JavaThread "Unconstrained build operations Thread 22" [_thread_blocked, id=164648, stack(0x0000001e0a400000,0x0000001e0a500000)]
  0x0000017970623da0 JavaThread "Unconstrained build operations Thread 23" [_thread_blocked, id=157924, stack(0x0000001e0a500000,0x0000001e0a600000)]
  0x0000017970621a30 JavaThread "Unconstrained build operations Thread 24" [_thread_blocked, id=157584, stack(0x0000001e0a600000,0x0000001e0a700000)]
  0x0000017970621f40 JavaThread "Unconstrained build operations Thread 25" [_thread_blocked, id=163204, stack(0x0000001e0a700000,0x0000001e0a800000)]
  0x0000017970620b00 JavaThread "Unconstrained build operations Thread 26" [_thread_blocked, id=138648, stack(0x0000001e0a800000,0x0000001e0a900000)]
  0x0000017970621010 JavaThread "Unconstrained build operations Thread 27" [_thread_blocked, id=161800, stack(0x0000001e0a900000,0x0000001e0aa00000)]
  0x0000017970624cd0 JavaThread "Unconstrained build operations Thread 28" [_thread_blocked, id=156052, stack(0x0000001e0aa00000,0x0000001e0ab00000)]
  0x0000017970621520 JavaThread "Unconstrained build operations Thread 29" [_thread_blocked, id=160772, stack(0x0000001e0ab00000,0x0000001e0ac00000)]
  0x0000017970626b30 JavaThread "Unconstrained build operations Thread 30" [_thread_blocked, id=155296, stack(0x0000001e0ac00000,0x0000001e0ad00000)]
  0x0000017970625c00 JavaThread "Unconstrained build operations Thread 31" [_thread_blocked, id=156648, stack(0x0000001e0ad00000,0x0000001e0ae00000)]
  0x0000017970628480 JavaThread "Unconstrained build operations Thread 32" [_thread_blocked, id=164276, stack(0x0000001e0ae00000,0x0000001e0af00000)]
  0x00000179706256f0 JavaThread "Unconstrained build operations Thread 33" [_thread_blocked, id=164272, stack(0x0000001e0af00000,0x0000001e0b000000)]
  0x0000017970628990 JavaThread "Unconstrained build operations Thread 34" [_thread_blocked, id=162240, stack(0x0000001e0b000000,0x0000001e0b100000)]
  0x0000017970628ea0 JavaThread "Unconstrained build operations Thread 35" [_thread_blocked, id=155096, stack(0x0000001e0b100000,0x0000001e0b200000)]
  0x0000017970627a60 JavaThread "Unconstrained build operations Thread 36" [_thread_blocked, id=162528, stack(0x0000001e0b200000,0x0000001e0b300000)]
  0x0000017970627040 JavaThread "Unconstrained build operations Thread 37" [_thread_blocked, id=164024, stack(0x0000001e0b300000,0x0000001e0b400000)]
  0x0000017970627550 JavaThread "Unconstrained build operations Thread 38" [_thread_blocked, id=156740, stack(0x0000001e0b400000,0x0000001e0b500000)]
  0x0000017970627f70 JavaThread "Unconstrained build operations Thread 39" [_thread_blocked, id=160248, stack(0x0000001e0b500000,0x0000001e0b600000)]
  0x00000179706293b0 JavaThread "Unconstrained build operations Thread 40" [_thread_blocked, id=158800, stack(0x0000001e0b600000,0x0000001e0b700000)]
  0x00000179706298c0 JavaThread "Unconstrained build operations Thread 41" [_thread_blocked, id=163232, stack(0x0000001e0b700000,0x0000001e0b800000)]
  0x0000017970626110 JavaThread "Unconstrained build operations Thread 42" [_thread_blocked, id=162188, stack(0x0000001e0b800000,0x0000001e0b900000)]
  0x0000017970629dd0 JavaThread "Unconstrained build operations Thread 43" [_thread_blocked, id=159872, stack(0x0000001e0b900000,0x0000001e0ba00000)]
  0x0000017970626620 JavaThread "Unconstrained build operations Thread 44" [_thread_blocked, id=150388, stack(0x0000001e0ba00000,0x0000001e0bb00000)]
  0x000001797062b720 JavaThread "Unconstrained build operations Thread 45" [_thread_blocked, id=162248, stack(0x0000001e0bb00000,0x0000001e0bc00000)]
  0x000001797062bc30 JavaThread "Unconstrained build operations Thread 46" [_thread_blocked, id=161612, stack(0x0000001e0bc00000,0x0000001e0bd00000)]
  0x000001797062a7f0 JavaThread "Unconstrained build operations Thread 47" [_thread_blocked, id=159400, stack(0x0000001e0bd00000,0x0000001e0be00000)]
  0x000001797062c140 JavaThread "Unconstrained build operations Thread 48" [_thread_blocked, id=161228, stack(0x0000001e0be00000,0x0000001e0bf00000)]
  0x000001797062d070 JavaThread "Unconstrained build operations Thread 49" [_thread_blocked, id=164112, stack(0x0000001e0bf00000,0x0000001e0c000000)]
  0x000001797062ad00 JavaThread "Unconstrained build operations Thread 50" [_thread_blocked, id=163248, stack(0x0000001e0c000000,0x0000001e0c100000)]
  0x000001797062a2e0 JavaThread "Unconstrained build operations Thread 51" [_thread_blocked, id=164416, stack(0x0000001e0c100000,0x0000001e0c200000)]
  0x000001797062e4b0 JavaThread "Unconstrained build operations Thread 52" [_thread_blocked, id=160600, stack(0x0000001e0c200000,0x0000001e0c300000)]
  0x000001797062b210 JavaThread "Unconstrained build operations Thread 53" [_thread_blocked, id=164108, stack(0x0000001e0c300000,0x0000001e0c400000)]
  0x000001797062e9c0 JavaThread "Unconstrained build operations Thread 54" [_thread_blocked, id=163264, stack(0x0000001e0c400000,0x0000001e0c500000)]
  0x000001797062f8f0 JavaThread "Unconstrained build operations Thread 55" [_thread_blocked, id=154948, stack(0x0000001e0c500000,0x0000001e0c600000)]
  0x000001797062cb60 JavaThread "Unconstrained build operations Thread 56" [_thread_blocked, id=157120, stack(0x0000001e0c600000,0x0000001e0c700000)]
  0x000001797062f3e0 JavaThread "Unconstrained build operations Thread 57" [_thread_blocked, id=154856, stack(0x0000001e0c700000,0x0000001e0c800000)]
  0x000001797062eed0 JavaThread "Unconstrained build operations Thread 58" [_thread_blocked, id=147100, stack(0x0000001e0c800000,0x0000001e0c900000)]
  0x000001797062fe00 JavaThread "Unconstrained build operations Thread 59" [_thread_blocked, id=162660, stack(0x0000001e0c900000,0x0000001e0ca00000)]
  0x000001797062c650 JavaThread "Unconstrained build operations Thread 60" [_thread_blocked, id=148492, stack(0x0000001e0ca00000,0x0000001e0cb00000)]
  0x0000017970630310 JavaThread "Unconstrained build operations Thread 61" [_thread_blocked, id=162244, stack(0x0000001e0cb00000,0x0000001e0cc00000)]
  0x000001797062da90 JavaThread "Unconstrained build operations Thread 62" [_thread_blocked, id=154396, stack(0x0000001e0cc00000,0x0000001e0cd00000)]
  0x000001797062dfa0 JavaThread "Unconstrained build operations Thread 63" [_thread_blocked, id=151968, stack(0x0000001e0cd00000,0x0000001e0ce00000)]
  0x0000017970630820 JavaThread "Unconstrained build operations Thread 64" [_thread_blocked, id=160632, stack(0x0000001e0ce00000,0x0000001e0cf00000)]
  0x0000017970630d30 JavaThread "Unconstrained build operations Thread 65" [_thread_blocked, id=164440, stack(0x0000001e0cf00000,0x0000001e0d000000)]
  0x000001797062d580 JavaThread "Unconstrained build operations Thread 66" [_thread_blocked, id=157648, stack(0x0000001e0d000000,0x0000001e0d100000)]
  0x00000179706335b0 JavaThread "Unconstrained build operations Thread 67" [_thread_blocked, id=163928, stack(0x0000001e0d100000,0x0000001e0d200000)]
  0x00000179706330a0 JavaThread "Unconstrained build operations Thread 68" [_thread_blocked, id=160008, stack(0x0000001e0d200000,0x0000001e0d300000)]
  0x0000017970632170 JavaThread "Unconstrained build operations Thread 69" [_thread_blocked, id=144504, stack(0x0000001e0d300000,0x0000001e0d400000)]
  0x0000017970631750 JavaThread "Unconstrained build operations Thread 70" [_thread_blocked, id=155784, stack(0x0000001e0d400000,0x0000001e0d500000)]
  0x0000017970632680 JavaThread "Unconstrained build operations Thread 71" [_thread_blocked, id=158112, stack(0x0000001e0d500000,0x0000001e0d600000)]
  0x0000017970633fd0 JavaThread "Unconstrained build operations Thread 72" [_thread_blocked, id=158688, stack(0x0000001e0d600000,0x0000001e0d700000)]
  0x0000017970631240 JavaThread "Unconstrained build operations Thread 73" [_thread_blocked, id=155564, stack(0x0000001e0d700000,0x0000001e0d800000)]
  0x0000017970631c60 JavaThread "Unconstrained build operations Thread 74" [_thread_blocked, id=162372, stack(0x0000001e0d800000,0x0000001e0d900000)]
  0x0000017970632b90 JavaThread "build event listener" [_thread_blocked, id=157508, stack(0x0000001e0d900000,0x0000001e0da00000)]
  0x0000017970633ac0 JavaThread "included builds" [_thread_blocked, id=152636, stack(0x0000001e0db00000,0x0000001e0dc00000)]
  0x00000179706344e0 JavaThread "Execution worker" [_thread_blocked, id=154992, stack(0x0000001e0dc00000,0x0000001e0dd00000)]
  0x00000179706381a0 JavaThread "Execution worker Thread 2" [_thread_blocked, id=164348, stack(0x0000001e0dd00000,0x0000001e0de00000)]
  0x0000017970637270 JavaThread "Execution worker Thread 3" [_thread_blocked, id=157592, stack(0x0000001e0de00000,0x0000001e0df00000)]
  0x0000017970637780 JavaThread "Execution worker Thread 4" [_thread_blocked, id=155300, stack(0x0000001e0df00000,0x0000001e0e000000)]
  0x0000017970637c90 JavaThread "Execution worker Thread 5" [_thread_blocked, id=161728, stack(0x0000001e0e000000,0x0000001e0e100000)]
  0x00000179706349f0 JavaThread "Execution worker Thread 6" [_thread_blocked, id=163756, stack(0x0000001e0e100000,0x0000001e0e200000)]
  0x00000179706386b0 JavaThread "Execution worker Thread 7" [_thread_blocked, id=163640, stack(0x0000001e0e200000,0x0000001e0e300000)]
  0x0000017970634f00 JavaThread "Execution worker Thread 8" [_thread_blocked, id=158028, stack(0x0000001e0e300000,0x0000001e0e400000)]
  0x0000017970638bc0 JavaThread "Execution worker Thread 9" [_thread_blocked, id=164800, stack(0x0000001e0e400000,0x0000001e0e500000)]
  0x0000017970635e30 JavaThread "Execution worker Thread 10" [_thread_blocked, id=160688, stack(0x0000001e0e500000,0x0000001e0e600000)]
  0x0000017970635410 JavaThread "Execution worker Thread 11" [_thread_blocked, id=162032, stack(0x0000001e0e600000,0x0000001e0e700000)]
  0x0000017970635920 JavaThread "Execution worker Thread 12" [_thread_blocked, id=153228, stack(0x0000001e0e700000,0x0000001e0e800000)]
  0x000001797063b440 JavaThread "Execution worker Thread 13" [_thread_blocked, id=158652, stack(0x0000001e0e800000,0x0000001e0e900000)]
  0x000001797063aa20 JavaThread "Execution worker Thread 14" [_thread_blocked, id=158560, stack(0x0000001e0e900000,0x0000001e0ea00000)]
  0x000001797063c370 JavaThread "Execution worker Thread 15" [_thread_blocked, id=158368, stack(0x0000001e0ea00000,0x0000001e0eb00000)]
  0x000001797063be60 JavaThread "Execution worker Thread 16" [_thread_blocked, id=157540, stack(0x0000001e0eb00000,0x0000001e0ec00000)]
  0x000001797063af30 JavaThread "Execution worker Thread 17" [_thread_blocked, id=160240, stack(0x0000001e0ec00000,0x0000001e0ed00000)]
  0x000001797063c880 JavaThread "Execution worker Thread 18" [_thread_blocked, id=156428, stack(0x0000001e0ed00000,0x0000001e0ee00000)]
  0x000001797063a000 JavaThread "Execution worker Thread 19" [_thread_blocked, id=159816, stack(0x0000001e0ee00000,0x0000001e0ef00000)]
  0x000001797063b950 JavaThread "Execution worker Thread 20" [_thread_blocked, id=114180, stack(0x0000001e0ef00000,0x0000001e0f000000)]
  0x00000179706390d0 JavaThread "Execution worker Thread 21" [_thread_blocked, id=153300, stack(0x0000001e0f000000,0x0000001e0f100000)]
  0x000001797063cd90 JavaThread "Execution worker Thread 22" [_thread_blocked, id=162384, stack(0x0000001e0f100000,0x0000001e0f200000)]
  0x000001797063d2a0 JavaThread "Cache worker for execution history cache (D:\Studio\AndroidStudioProjects\NomiKit\buildSrc\.gradle\8.13\executionHistory)" [_thread_blocked, id=163608, stack(0x0000001e0f200000,0x0000001e0f300000)]
  0x0000017970639af0 JavaThread "Execution worker Thread 23" [_thread_blocked, id=163304, stack(0x0000001e0f300000,0x0000001e0f400000)]
  0x000001797063d7b0 JavaThread "Execution worker Thread 24" [_thread_blocked, id=158504, stack(0x0000001e0f400000,0x0000001e0f500000)]
  0x000001797063dcc0 JavaThread "Execution worker Thread 25" [_thread_blocked, id=162308, stack(0x0000001e0f500000,0x0000001e0f600000)]
  0x000001797063a510 JavaThread "Execution worker Thread 26" [_thread_blocked, id=164284, stack(0x0000001e0f600000,0x0000001e0f700000)]
  0x000001797063fb20 JavaThread "Execution worker Thread 27" [_thread_blocked, id=160352, stack(0x0000001e0f700000,0x0000001e0f800000)]
  0x000001797063e1d0 JavaThread "Execution worker Thread 28" [_thread_blocked, id=163472, stack(0x0000001e0f800000,0x0000001e0f900000)]
  0x000001797063e6e0 JavaThread "Execution worker Thread 29" [_thread_blocked, id=152256, stack(0x0000001e0f900000,0x0000001e0fa00000)]
  0x000001797063ebf0 JavaThread "Execution worker Thread 30" [_thread_blocked, id=161372, stack(0x0000001e0fa00000,0x0000001e0fb00000)]
  0x000001797063f100 JavaThread "Execution worker Thread 31" [_thread_blocked, id=164420, stack(0x0000001e0fb00000,0x0000001e0fc00000)]
  0x000001797063f610 JavaThread "Unconstrained build operations Thread 75" [_thread_blocked, id=157548, stack(0x0000001e0fc00000,0x0000001e0fd00000)]
  0x00000179a6c9cf00 JavaThread "Unconstrained build operations Thread 76" [_thread_blocked, id=156520, stack(0x0000001e0fd00000,0x0000001e0fe00000)]
  0x00000179a6c9c9f0 JavaThread "Unconstrained build operations Thread 77" [_thread_blocked, id=161752, stack(0x0000001e0fe00000,0x0000001e0ff00000)]
  0x00000179a6c99c60 JavaThread "Unconstrained build operations Thread 78" [_thread_blocked, id=161940, stack(0x0000001e0ff00000,0x0000001e10000000)]
  0x00000179a6c9a170 JavaThread "Unconstrained build operations Thread 79" [_thread_blocked, id=163412, stack(0x0000001e10000000,0x0000001e10100000)]
  0x00000179a6c9de30 JavaThread "Unconstrained build operations Thread 80" [_thread_blocked, id=162844, stack(0x0000001e10100000,0x0000001e10200000)]
  0x00000179a6c9e340 JavaThread "Unconstrained build operations Thread 81" [_thread_blocked, id=159624, stack(0x0000001e10200000,0x0000001e10300000)]
  0x00000179a6c9ab90 JavaThread "Unconstrained build operations Thread 82" [_thread_blocked, id=153472, stack(0x0000001e10300000,0x0000001e10400000)]
  0x00000179a6ca2000 JavaThread "Unconstrained build operations Thread 83" [_thread_blocked, id=156272, stack(0x0000001e10400000,0x0000001e10500000)]
  0x00000179a6ca2f30 JavaThread "Unconstrained build operations Thread 84" [_thread_blocked, id=161268, stack(0x0000001e10500000,0x0000001e10600000)]
  0x00000179a6ca2a20 JavaThread "Unconstrained build operations Thread 85" [_thread_blocked, id=154808, stack(0x0000001e10600000,0x0000001e10700000)]
  0x00000179a6ca3440 JavaThread "Unconstrained build operations Thread 86" [_thread_blocked, id=160992, stack(0x0000001e10700000,0x0000001e10800000)]
  0x00000179a6c9fc90 JavaThread "Unconstrained build operations Thread 87" [_thread_blocked, id=153464, stack(0x0000001e10800000,0x0000001e10900000)]
  0x00000179a6ca3950 JavaThread "Unconstrained build operations Thread 88" [_thread_blocked, id=157376, stack(0x0000001e10900000,0x0000001e10a00000)]
  0x00000179a6ca3e60 JavaThread "Unconstrained build operations Thread 89" [_thread_blocked, id=161948, stack(0x0000001e10a00000,0x0000001e10b00000)]
  0x00000179a6ca4370 JavaThread "Unconstrained build operations Thread 90" [_thread_blocked, id=162336, stack(0x0000001e10b00000,0x0000001e10c00000)]
  0x00000179a6ca4880 JavaThread "Unconstrained build operations Thread 91" [_thread_blocked, id=161640, stack(0x0000001e10c00000,0x0000001e10d00000)]
  0x00000179a6ca4d90 JavaThread "Unconstrained build operations Thread 92" [_thread_blocked, id=157388, stack(0x0000001e10d00000,0x0000001e10e00000)]
  0x00000179a6ca1af0 JavaThread "Unconstrained build operations Thread 93" [_thread_blocked, id=156224, stack(0x0000001e10e00000,0x0000001e10f00000)]
  0x00000179a6ca15e0 JavaThread "Unconstrained build operations Thread 94" [_thread_blocked, id=160680, stack(0x0000001e10f00000,0x0000001e11000000)]
  0x00000179a6ca7610 JavaThread "Unconstrained build operations Thread 95" [_thread_blocked, id=155208, stack(0x0000001e11000000,0x0000001e11100000)]
  0x00000179a6ca61d0 JavaThread "Unconstrained build operations Thread 96" [_thread_blocked, id=162608, stack(0x0000001e11100000,0x0000001e11200000)]
  0x00000179a6ca5cc0 JavaThread "Unconstrained build operations Thread 97" [_thread_blocked, id=163964, stack(0x0000001e11200000,0x0000001e11300000)]
  0x00000179a6ca8030 JavaThread "Unconstrained build operations Thread 98" [_thread_blocked, id=153920, stack(0x0000001e11300000,0x0000001e11400000)]
  0x00000179a6ca52a0 JavaThread "Unconstrained build operations Thread 99" [_thread_blocked, id=158336, stack(0x0000001e11400000,0x0000001e11500000)]
  0x00000179a6ca8f60 JavaThread "Unconstrained build operations Thread 100" [_thread_blocked, id=164628, stack(0x0000001e11500000,0x0000001e11600000)]
  0x00000179a6ca57b0 JavaThread "Unconstrained build operations Thread 101" [_thread_blocked, id=145332, stack(0x0000001e11600000,0x0000001e11700000)]
  0x00000179a6ca9980 JavaThread "Unconstrained build operations Thread 102" [_thread_blocked, id=164856, stack(0x0000001e11700000,0x0000001e11800000)]
  0x00000179a6ca9e90 JavaThread "Unconstrained build operations Thread 103" [_thread_blocked, id=161688, stack(0x0000001e11800000,0x0000001e11900000)]
  0x00000179a6ca9470 JavaThread "Unconstrained build operations Thread 104" [_thread_blocked, id=156712, stack(0x0000001e11900000,0x0000001e11a00000)]
  0x00000179a6ca8a50 JavaThread "Unconstrained build operations Thread 105" [_thread_blocked, id=164236, stack(0x0000001e11a00000,0x0000001e11b00000)]
  0x00000179a6ca66e0 JavaThread "Unconstrained build operations Thread 106" [_thread_blocked, id=162836, stack(0x0000001e11b00000,0x0000001e11c00000)]
  0x00000179a6ca8540 JavaThread "Unconstrained build operations Thread 107" [_thread_blocked, id=159252, stack(0x0000001e11c00000,0x0000001e11d00000)]
  0x00000179a6ca7b20 JavaThread "Unconstrained build operations Thread 108" [_thread_blocked, id=163924, stack(0x0000001e11d00000,0x0000001e11e00000)]
  0x00000179a6caa3a0 JavaThread "Unconstrained build operations Thread 109" [_thread_blocked, id=162048, stack(0x0000001e11e00000,0x0000001e11f00000)]
  0x00000179a6ca6bf0 JavaThread "Unconstrained build operations Thread 110" [_thread_blocked, id=163080, stack(0x0000001e11f00000,0x0000001e12000000)]
  0x00000179a6caa8b0 JavaThread "Unconstrained build operations Thread 111" [_thread_blocked, id=161920, stack(0x0000001e12000000,0x0000001e12100000)]
  0x00000179a6ca7100 JavaThread "Unconstrained build operations Thread 112" [_thread_blocked, id=160996, stack(0x0000001e12100000,0x0000001e12200000)]
  0x00000179a6cad640 JavaThread "Unconstrained build operations Thread 113" [_thread_blocked, id=164324, stack(0x0000001e12400000,0x0000001e12500000)]
  0x00000179a6cabcf0 JavaThread "Unconstrained build operations Thread 114" [_thread_blocked, id=164376, stack(0x0000001e12500000,0x0000001e12600000)]
  0x00000179a6caadc0 JavaThread "Unconstrained build operations Thread 115" [_thread_blocked, id=162356, stack(0x0000001e12800000,0x0000001e12900000)]
  0x00000179a6cab2d0 JavaThread "Unconstrained build operations Thread 116" [_thread_blocked, id=162252, stack(0x0000001e12900000,0x0000001e12a00000)]
  0x00000179a6cab7e0 JavaThread "Unconstrained build operations Thread 117" [_thread_blocked, id=158016, stack(0x0000001e12a00000,0x0000001e12b00000)]
  0x00000179a6cac200 JavaThread "Unconstrained build operations Thread 118" [_thread_blocked, id=154096, stack(0x0000001e12b00000,0x0000001e12c00000)]
  0x00000179a6cac710 JavaThread "Unconstrained build operations Thread 119" [_thread_blocked, id=164184, stack(0x0000001e12c00000,0x0000001e12d00000)]
  0x00000179a6cacc20 JavaThread "Unconstrained build operations Thread 120" [_thread_blocked, id=157724, stack(0x0000001e12d00000,0x0000001e12e00000)]
  0x00000179a6cad130 JavaThread "Unconstrained build operations Thread 121" [_thread_blocked, id=162204, stack(0x0000001e12e00000,0x0000001e12f00000)]
  0x00000179a6cadb50 JavaThread "Unconstrained build operations Thread 122" [_thread_blocked, id=161824, stack(0x0000001e12f00000,0x0000001e13000000)]
  0x00000179a6caea80 JavaThread "Unconstrained build operations Thread 123" [_thread_blocked, id=161148, stack(0x0000001e13000000,0x0000001e13100000)]
  0x00000179a6cae570 JavaThread "Unconstrained build operations Thread 124" [_thread_blocked, id=161256, stack(0x0000001e13100000,0x0000001e13200000)]
  0x00000179a6caef90 JavaThread "Unconstrained build operations Thread 125" [_thread_blocked, id=162088, stack(0x0000001e13200000,0x0000001e13300000)]
  0x00000179a6cb1810 JavaThread "Unconstrained build operations Thread 126" [_thread_blocked, id=164164, stack(0x0000001e13300000,0x0000001e13400000)]
  0x00000179a6cae060 JavaThread "Unconstrained build operations Thread 127" [_thread_blocked, id=156516, stack(0x0000001e13400000,0x0000001e13500000)]
  0x00000179a6cb1d20 JavaThread "Unconstrained build operations Thread 128" [_thread_blocked, id=155876, stack(0x0000001e13500000,0x0000001e13600000)]
  0x00000179a6cb2230 JavaThread "Unconstrained build operations Thread 129" [_thread_blocked, id=159048, stack(0x0000001e13600000,0x0000001e13700000)]
  0x00000179a6caf4a0 JavaThread "Unconstrained build operations Thread 130" [_thread_blocked, id=158024, stack(0x0000001e13700000,0x0000001e13800000)]
  0x00000179a6cb2c50 JavaThread "Unconstrained build operations Thread 131" [_thread_blocked, id=161912, stack(0x0000001e13800000,0x0000001e13900000)]
  0x00000179a6caf9b0 JavaThread "Unconstrained build operations Thread 132" [_thread_blocked, id=163040, stack(0x0000001e13900000,0x0000001e13a00000)]
  0x00000179a6cb3160 JavaThread "Unconstrained build operations Thread 133" [_thread_blocked, id=162428, stack(0x0000001e13a00000,0x0000001e13b00000)]
  0x00000179a6cb2740 JavaThread "Unconstrained build operations Thread 134" [_thread_blocked, id=162180, stack(0x0000001e13b00000,0x0000001e13c00000)]
  0x00000179a6cb3670 JavaThread "Unconstrained build operations Thread 135" [_thread_blocked, id=162320, stack(0x0000001e13c00000,0x0000001e13d00000)]
  0x00000179a6cb0df0 JavaThread "Unconstrained build operations Thread 136" [_thread_blocked, id=164692, stack(0x0000001e13d00000,0x0000001e13e00000)]
  0x00000179a6cafec0 JavaThread "Unconstrained build operations Thread 137" [_thread_blocked, id=161112, stack(0x0000001e13e00000,0x0000001e13f00000)]
  0x00000179a6cb3b80 JavaThread "Unconstrained build operations Thread 138" [_thread_blocked, id=162424, stack(0x0000001e13f00000,0x0000001e14000000)]
  0x00000179a6cb1300 JavaThread "Unconstrained build operations Thread 139" [_thread_blocked, id=160556, stack(0x0000001e14000000,0x0000001e14100000)]
  0x00000179a6cb03d0 JavaThread "Unconstrained build operations Thread 140" [_thread_blocked, id=155664, stack(0x0000001e14100000,0x0000001e14200000)]
  0x00000179a6cb4090 JavaThread "Unconstrained build operations Thread 141" [_thread_blocked, id=148828, stack(0x0000001e14200000,0x0000001e14300000)]
  0x00000179a6cb08e0 JavaThread "Unconstrained build operations Thread 142" [_thread_blocked, id=152592, stack(0x0000001e14300000,0x0000001e14400000)]
  0x00000179a6cb4ab0 JavaThread "Unconstrained build operations Thread 143" [_thread_blocked, id=149452, stack(0x0000001e14400000,0x0000001e14500000)]
  0x00000179a6cb45a0 JavaThread "Unconstrained build operations Thread 144" [_thread_blocked, id=160812, stack(0x0000001e14500000,0x0000001e14600000)]
  0x00000179a6cb59e0 JavaThread "Unconstrained build operations Thread 145" [_thread_blocked, id=157136, stack(0x0000001e14600000,0x0000001e14700000)]
  0x00000179a6cb7d50 JavaThread "Unconstrained build operations Thread 146" [_thread_blocked, id=159188, stack(0x0000001e14700000,0x0000001e14800000)]
  0x00000179a6cb6e20 JavaThread "Unconstrained build operations Thread 147" [_thread_blocked, id=155792, stack(0x0000001e14800000,0x0000001e14900000)]
  0x00000179a6cb6400 JavaThread "Unconstrained build operations Thread 148" [_thread_blocked, id=155752, stack(0x0000001e14900000,0x0000001e14a00000)]
  0x00000179a6cb4fc0 JavaThread "Unconstrained build operations Thread 149" [_thread_blocked, id=156184, stack(0x0000001e14a00000,0x0000001e14b00000)]
  0x00000179a6cb5ef0 JavaThread "Unconstrained build operations Thread 150" [_thread_blocked, id=157864, stack(0x0000001e14b00000,0x0000001e14c00000)]
  0x00000179a6cb6910 JavaThread "Unconstrained build operations Thread 151" [_thread_blocked, id=157544, stack(0x0000001e14c00000,0x0000001e14d00000)]
  0x00000179a6cb7330 JavaThread "Unconstrained build operations Thread 152" [_thread_blocked, id=159376, stack(0x0000001e14d00000,0x0000001e14e00000)]
  0x00000179a6cb7840 JavaThread "Unconstrained build operations Thread 153" [_thread_blocked, id=158460, stack(0x0000001e14e00000,0x0000001e14f00000)]
  0x00000179a6cb8260 JavaThread "Unconstrained build operations Thread 154" [_thread_blocked, id=146040, stack(0x0000001e14f00000,0x0000001e15000000)]
  0x00000179a6cb8770 JavaThread "Unconstrained build operations Thread 155" [_thread_blocked, id=148764, stack(0x0000001e15000000,0x0000001e15100000)]
  0x00000179a6cb8c80 JavaThread "Unconstrained build operations Thread 156" [_thread_blocked, id=159068, stack(0x0000001e15100000,0x0000001e15200000)]
  0x00000179a6cb54d0 JavaThread "Unconstrained build operations Thread 157" [_thread_blocked, id=149956, stack(0x0000001e15200000,0x0000001e15300000)]
  0x00000179a6cb9190 JavaThread "Unconstrained build operations Thread 158" [_thread_blocked, id=159628, stack(0x0000001e15300000,0x0000001e15400000)]
  0x00000179a6cb96a0 JavaThread "Unconstrained build operations Thread 159" [_thread_blocked, id=158704, stack(0x0000001e15400000,0x0000001e15500000)]
  0x0000017972014cb0 JavaThread "Unconstrained build operations Thread 160" [_thread_blocked, id=160316, stack(0x0000001e15500000,0x0000001e15600000)]
  0x000001797201b700 JavaThread "Unconstrained build operations Thread 161" [_thread_blocked, id=161184, stack(0x0000001e15700000,0x0000001e15800000)]
  0x000001797201df80 JavaThread "Unconstrained build operations Thread 162" [_thread_blocked, id=161584, stack(0x0000001e15900000,0x0000001e15a00000)]
  0x000001797201d050 JavaThread "Unconstrained build operations Thread 163" [_thread_blocked, id=162912, stack(0x0000001e15a00000,0x0000001e15b00000)]
  0x000001797201e490 JavaThread "Unconstrained build operations Thread 164" [_thread_blocked, id=157960, stack(0x0000001e15b00000,0x0000001e15c00000)]
  0x000001797201d560 JavaThread "Unconstrained build operations Thread 165" [_thread_blocked, id=156268, stack(0x0000001e15c00000,0x0000001e15d00000)]
  0x000001797201bc10 JavaThread "Unconstrained build operations Thread 166" [_thread_blocked, id=152288, stack(0x0000001e15d00000,0x0000001e15e00000)]
  0x000001797201c120 JavaThread "Unconstrained build operations Thread 167" [_thread_blocked, id=156440, stack(0x0000001e15e00000,0x0000001e15f00000)]
  0x000001797201ace0 JavaThread "Unconstrained build operations Thread 168" [_thread_blocked, id=160128, stack(0x0000001e15f00000,0x0000001e16000000)]
  0x000001797201e9a0 JavaThread "Unconstrained build operations Thread 169" [_thread_blocked, id=160384, stack(0x0000001e16000000,0x0000001e16100000)]
  0x000001797201eeb0 JavaThread "Unconstrained build operations Thread 170" [_thread_blocked, id=158404, stack(0x0000001e16100000,0x0000001e16200000)]
  0x000001797201f3c0 JavaThread "Unconstrained build operations Thread 171" [_thread_blocked, id=163220, stack(0x0000001e16200000,0x0000001e16300000)]
  0x000001797201f8d0 JavaThread "Unconstrained build operations Thread 172" [_thread_blocked, id=158420, stack(0x0000001e16300000,0x0000001e16400000)]
  0x0000017972002200 JavaThread "Unconstrained build operations Thread 173" [_thread_blocked, id=162704, stack(0x0000001e16400000,0x0000001e16500000)]
  0x00000179720008b0 JavaThread "Unconstrained build operations Thread 174" [_thread_blocked, id=163916, stack(0x0000001e16500000,0x0000001e16600000)]
  0x0000017972004570 JavaThread "Unconstrained build operations Thread 175" [_thread_blocked, id=161444, stack(0x0000001e16600000,0x0000001e16700000)]
  0x00000179720012d0 JavaThread "Unconstrained build operations Thread 176" [_thread_blocked, id=159300, stack(0x0000001e16700000,0x0000001e16800000)]
  0x00000179720017e0 JavaThread "Unconstrained build operations Thread 177" [_thread_blocked, id=164740, stack(0x0000001e16800000,0x0000001e16900000)]
  0x00000179720054a0 JavaThread "Unconstrained build operations Thread 178" [_thread_blocked, id=159232, stack(0x0000001e16900000,0x0000001e16a00000)]
  0x0000017972003b50 JavaThread "Unconstrained build operations Thread 179" [_thread_blocked, id=164852, stack(0x0000001e16a00000,0x0000001e16b00000)]
  0x0000017972001cf0 JavaThread "Unconstrained build operations Thread 180" [_thread_blocked, id=162068, stack(0x0000001e16b00000,0x0000001e16c00000)]
  0x0000017972005ec0 JavaThread "Unconstrained build operations Thread 181" [_thread_blocked, id=156344, stack(0x0000001e16c00000,0x0000001e16d00000)]
  0x0000017972003130 JavaThread "Unconstrained build operations Thread 182" [_thread_blocked, id=159172, stack(0x0000001e16d00000,0x0000001e16e00000)]
  0x0000017972002710 JavaThread "Unconstrained build operations Thread 183" [_thread_blocked, id=137272, stack(0x0000001e16e00000,0x0000001e16f00000)]
  0x0000017972006df0 JavaThread "Unconstrained build operations Thread 184" [_thread_blocked, id=147500, stack(0x0000001e16f00000,0x0000001e17000000)]
  0x0000017972008230 JavaThread "Unconstrained build operations Thread 185" [_thread_blocked, id=161736, stack(0x0000001e17000000,0x0000001e17100000)]
  0x00000179720063d0 JavaThread "Unconstrained build operations Thread 186" [_thread_blocked, id=153344, stack(0x0000001e17100000,0x0000001e17200000)]
  0x000001797200aab0 JavaThread "Unconstrained build operations Thread 187" [_thread_blocked, id=162108, stack(0x0000001e17200000,0x0000001e17300000)]
  0x0000017972008740 JavaThread "Unconstrained build operations Thread 188" [_thread_blocked, id=160400, stack(0x0000001e17400000,0x0000001e17500000)]
  0x0000017972007300 JavaThread "Unconstrained build operations Thread 189" [_thread_blocked, id=146632, stack(0x0000001e17500000,0x0000001e17600000)]
  0x0000017972008c50 JavaThread "Unconstrained build operations Thread 190" [_thread_blocked, id=160372, stack(0x0000001e17600000,0x0000001e17700000)]
  0x0000017972009670 JavaThread "Unconstrained build operations Thread 191" [_thread_blocked, id=162168, stack(0x0000001e17700000,0x0000001e17800000)]
  0x000001797200afc0 JavaThread "Unconstrained build operations Thread 192" [_thread_blocked, id=161456, stack(0x0000001e17800000,0x0000001e17900000)]
  0x0000017972007810 JavaThread "Unconstrained build operations Thread 193" [_thread_blocked, id=163784, stack(0x0000001e17900000,0x0000001e17a00000)]
  0x000001797200b4d0 JavaThread "Unconstrained build operations Thread 194" [_thread_blocked, id=160788, stack(0x0000001e17a00000,0x0000001e17b00000)]
  0x0000017972007d20 JavaThread "Unconstrained build operations Thread 195" [_thread_blocked, id=164280, stack(0x0000001e17b00000,0x0000001e17c00000)]
  0x000001797200c400 JavaThread "Unconstrained build operations Thread 196" [_thread_blocked, id=160760, stack(0x0000001e17c00000,0x0000001e17d00000)]
  0x000001797200c910 JavaThread "Unconstrained build operations Thread 197" [_thread_blocked, id=157316, stack(0x0000001e17e00000,0x0000001e17f00000)]
  0x0000017972009160 JavaThread "Unconstrained build operations Thread 198" [_thread_blocked, id=156808, stack(0x0000001e17f00000,0x0000001e18000000)]
  0x0000017972012940 JavaThread "Unconstrained build operations Thread 199" [_thread_blocked, id=160112, stack(0x0000001e18000000,0x0000001e18100000)]
  0x0000017972011f20 JavaThread "Unconstrained build operations Thread 200" [_thread_blocked, id=117596, stack(0x0000001e18100000,0x0000001e18200000)]
  0x0000017972011500 JavaThread "Unconstrained build operations Thread 201" [_thread_blocked, id=163524, stack(0x0000001e18200000,0x0000001e18300000)]
  0x0000017972012430 JavaThread "Unconstrained build operations Thread 202" [_thread_blocked, id=160668, stack(0x0000001e18300000,0x0000001e18400000)]
  0x000001797200f190 JavaThread "Unconstrained build operations Thread 203" [_thread_blocked, id=148736, stack(0x0000001e18400000,0x0000001e18500000)]
  0x0000017972012e50 JavaThread "build event listener" [_thread_blocked, id=164436, stack(0x0000001e18500000,0x0000001e18600000)]
  0x000001797200f6a0 JavaThread "build event listener" [_thread_blocked, id=163116, stack(0x0000001e18600000,0x0000001e18700000)]
  0x0000017972013360 JavaThread "Problems report writer" [_thread_blocked, id=161376, stack(0x0000001e18800000,0x0000001e18900000)]
  0x00000179941b3900 JavaThread "C2 CompilerThread1" daemon [_thread_blocked, id=162436, stack(0x0000001e18900000,0x0000001e18a00000)]
  0x00000179720105d0 JavaThread "pool-27-thread-1" [_thread_blocked, id=159168, stack(0x0000001e18d00000,0x0000001e18e00000)]
  0x000001797200fbb0 JavaThread "build event listener" [_thread_blocked, id=160040, stack(0x0000001e19000000,0x0000001e19100000)]
  0x0000017972013d80 JavaThread "Cache worker for execution history cache (D:\Studio\AndroidStudioProjects\NomiKit\.gradle\8.13\executionHistory)" [_thread_blocked, id=148540, stack(0x0000001e19100000,0x0000001e19200000)]
  0x000001796c546fd0 JavaThread "WorkerExecutor Queue Thread 2" [_thread_blocked, id=163660, stack(0x0000001e19300000,0x0000001e19400000)]
  0x000001796c5474e0 JavaThread "WorkerExecutor Queue Thread 3" [_thread_blocked, id=160428, stack(0x0000001e19400000,0x0000001e19500000)]
  0x000001796c548e30 JavaThread "WorkerExecutor Queue Thread 4" [_thread_blocked, id=148916, stack(0x0000001e19500000,0x0000001e19600000)]
  0x000001796c548920 JavaThread "WorkerExecutor Queue Thread 5" [_thread_blocked, id=162236, stack(0x0000001e19600000,0x0000001e19700000)]
  0x000001796c549850 JavaThread "WorkerExecutor Queue Thread 6" [_thread_blocked, id=157112, stack(0x0000001e19700000,0x0000001e19800000)]
  0x000001796c5479f0 JavaThread "WorkerExecutor Queue Thread 7" [_thread_blocked, id=164320, stack(0x0000001e19800000,0x0000001e19900000)]
  0x000001796c549d60 JavaThread "WorkerExecutor Queue Thread 8" [_thread_blocked, id=164148, stack(0x0000001e19900000,0x0000001e19a00000)]
  0x000001796c54a270 JavaThread "WorkerExecutor Queue Thread 9" [_thread_blocked, id=112680, stack(0x0000001e19a00000,0x0000001e19b00000)]
  0x000001796c547f00 JavaThread "WorkerExecutor Queue Thread 10" [_thread_blocked, id=146128, stack(0x0000001e19b00000,0x0000001e19c00000)]
  0x000001796c546ac0 JavaThread "WorkerExecutor Queue Thread 11" [_thread_blocked, id=164336, stack(0x0000001e1a500000,0x0000001e1a600000)]
  0x000001796c54a780 JavaThread "WorkerExecutor Queue Thread 12" [_thread_blocked, id=151124, stack(0x0000001e1a800000,0x0000001e1a900000)]
  0x000001796c54b6b0 JavaThread "WorkerExecutor Queue Thread 13" [_thread_blocked, id=159948, stack(0x0000001e1a900000,0x0000001e1aa00000)]
  0x000001796c54bbc0 JavaThread "WorkerExecutor Queue Thread 14" [_thread_blocked, id=139164, stack(0x0000001e1aa00000,0x0000001e1ab00000)]
  0x000001796c54e440 JavaThread "WorkerExecutor Queue Thread 15" [_thread_blocked, id=158508, stack(0x0000001e1ab00000,0x0000001e1ac00000)]
  0x000001796c54d510 JavaThread "WorkerExecutor Queue Thread 16" [_thread_blocked, id=158628, stack(0x0000001e1ac00000,0x0000001e1ad00000)]
  0x000001796c54c0d0 JavaThread "WorkerExecutor Queue Thread 17" [_thread_blocked, id=162616, stack(0x0000001e1ad00000,0x0000001e1ae00000)]
  0x000001796c54c5e0 JavaThread "WorkerExecutor Queue Thread 18" [_thread_blocked, id=164660, stack(0x0000001e1ae00000,0x0000001e1af00000)]
  0x000001796c54df30 JavaThread "WorkerExecutor Queue Thread 19" [_thread_blocked, id=161364, stack(0x0000001e1af00000,0x0000001e1b000000)]
  0x000001796c54da20 JavaThread "WorkerExecutor Queue Thread 20" [_thread_blocked, id=159116, stack(0x0000001e1b000000,0x0000001e1b100000)]
  0x000001796c54ac90 JavaThread "WorkerExecutor Queue Thread 21" [_thread_blocked, id=163672, stack(0x0000001e1b100000,0x0000001e1b200000)]
  0x000001796c54caf0 JavaThread "WorkerExecutor Queue Thread 22" [_thread_blocked, id=164736, stack(0x0000001e1b200000,0x0000001e1b300000)]
  0x000001796c54e950 JavaThread "WorkerExecutor Queue Thread 23" [_thread_blocked, id=160536, stack(0x0000001e1b300000,0x0000001e1b400000)]
  0x000001796c551bf0 JavaThread "Unconstrained build operations Thread 204" [_thread_blocked, id=164104, stack(0x0000001e1b500000,0x0000001e1b600000)]
  0x000001796c552100 JavaThread "Unconstrained build operations Thread 205" [_thread_blocked, id=158872, stack(0x0000001e1b600000,0x0000001e1b700000)]
  0x000001796c552610 JavaThread "Unconstrained build operations Thread 206" [_thread_blocked, id=162848, stack(0x0000001e1b700000,0x0000001e1b800000)]
  0x000001796c550cc0 JavaThread "Unconstrained build operations Thread 207" [_thread_blocked, id=157956, stack(0x0000001e1b900000,0x0000001e1ba00000)]
  0x000001796c54ee60 JavaThread "Unconstrained build operations Thread 208" [_thread_blocked, id=163084, stack(0x0000001e1ba00000,0x0000001e1bb00000)]
  0x000001796c552b20 JavaThread "Unconstrained build operations Thread 209" [_thread_blocked, id=164232, stack(0x0000001e1bb00000,0x0000001e1bc00000)]
  0x000001796c54f370 JavaThread "Unconstrained build operations Thread 210" [_thread_blocked, id=164192, stack(0x0000001e1bc00000,0x0000001e1bd00000)]
  0x000001796c553030 JavaThread "Unconstrained build operations Thread 211" [_thread_blocked, id=155556, stack(0x0000001e1bd00000,0x0000001e1be00000)]
  0x000001796c553540 JavaThread "Unconstrained build operations Thread 212" [_thread_blocked, id=159676, stack(0x0000001e1be00000,0x0000001e1bf00000)]
  0x000001796c54fd90 JavaThread "Unconstrained build operations Thread 213" [_thread_blocked, id=164132, stack(0x0000001e1bf00000,0x0000001e1c000000)]
  0x000001796c5562d0 JavaThread "WorkerExecutor Queue Thread 25" [_thread_blocked, id=157804, stack(0x0000001e1c000000,0x0000001e1c100000)]
  0x000001796c5558b0 JavaThread "Unconstrained build operations Thread 214" [_thread_blocked, id=159204, stack(0x0000001e1c100000,0x0000001e1c200000)]
  0x000001796c555dc0 JavaThread "Unconstrained build operations Thread 215" [_thread_blocked, id=148980, stack(0x0000001e1c200000,0x0000001e1c300000)]
  0x000001796c553f60 JavaThread "Unconstrained build operations Thread 216" [_thread_blocked, id=160516, stack(0x0000001e1c300000,0x0000001e1c400000)]
  0x000001796c553a50 JavaThread "Unconstrained build operations Thread 217" [_thread_blocked, id=162024, stack(0x0000001e1c400000,0x0000001e1c500000)]
  0x000001796c554470 JavaThread "Unconstrained build operations Thread 218" [_thread_blocked, id=160776, stack(0x0000001e1c500000,0x0000001e1c600000)]
  0x000001796c554980 JavaThread "Unconstrained build operations Thread 219" [_thread_blocked, id=155448, stack(0x0000001e1c600000,0x0000001e1c700000)]
  0x000001796c554e90 JavaThread "Unconstrained build operations Thread 220" [_thread_blocked, id=163192, stack(0x0000001e1c700000,0x0000001e1c800000)]
  0x000001797109d060 JavaThread "Unconstrained build operations Thread 221" [_thread_blocked, id=163276, stack(0x0000001e1c800000,0x0000001e1c900000)]
  0x00000179710998b0 JavaThread "Unconstrained build operations Thread 222" [_thread_blocked, id=163704, stack(0x0000001e1c900000,0x0000001e1ca00000)]
  0x000001797109c130 JavaThread "Unconstrained build operations Thread 223" [_thread_blocked, id=152060, stack(0x0000001e1ca00000,0x0000001e1cb00000)]
  0x000001797109c640 JavaThread "Unconstrained build operations Thread 224" [_thread_blocked, id=164048, stack(0x0000001e1cb00000,0x0000001e1cc00000)]
  0x000001797109a2d0 JavaThread "Unconstrained build operations Thread 225" [_thread_blocked, id=162332, stack(0x0000001e1cc00000,0x0000001e1cd00000)]
  0x000001797109a7e0 JavaThread "Unconstrained build operations Thread 226" [_thread_blocked, id=154748, stack(0x0000001e1cd00000,0x0000001e1ce00000)]
  0x000001797109cb50 JavaThread "Unconstrained build operations Thread 227" [_thread_blocked, id=159388, stack(0x0000001e1ce00000,0x0000001e1cf00000)]
  0x000001797109b200 JavaThread "Unconstrained build operations Thread 228" [_thread_blocked, id=164640, stack(0x0000001e1cf00000,0x0000001e1d000000)]
  0x000001797109acf0 JavaThread "Unconstrained build operations Thread 229" [_thread_blocked, id=162380, stack(0x0000001e1d000000,0x0000001e1d100000)]
  0x000001797109b710 JavaThread "Unconstrained build operations Thread 230" [_thread_blocked, id=162668, stack(0x0000001e1d100000,0x0000001e1d200000)]
  0x000001797109d570 JavaThread "Unconstrained build operations Thread 231" [_thread_blocked, id=161552, stack(0x0000001e1d200000,0x0000001e1d300000)]
  0x0000017971099dc0 JavaThread "Unconstrained build operations Thread 232" [_thread_blocked, id=157672, stack(0x0000001e1d300000,0x0000001e1d400000)]
  0x00000179710a1c50 JavaThread "Unconstrained build operations Thread 233" [_thread_blocked, id=162096, stack(0x0000001e1d400000,0x0000001e1d500000)]
  0x000001797109fdf0 JavaThread "Unconstrained build operations Thread 234" [_thread_blocked, id=155608, stack(0x0000001e1d600000,0x0000001e1d700000)]
  0x00000179710a0300 JavaThread "Unconstrained build operations Thread 235" [_thread_blocked, id=163720, stack(0x0000001e1d700000,0x0000001e1d800000)]
  0x00000179710a0810 JavaThread "Unconstrained build operations Thread 236" [_thread_blocked, id=164728, stack(0x0000001e1d800000,0x0000001e1d900000)]
  0x000001797109e4a0 JavaThread "Unconstrained build operations Thread 237" [_thread_blocked, id=160260, stack(0x0000001e1db00000,0x0000001e1dc00000)]
  0x00000179710a1230 JavaThread "Unconstrained build operations Thread 238" [_thread_blocked, id=159984, stack(0x0000001e1dc00000,0x0000001e1dd00000)]
  0x00000179710a2160 JavaThread "Unconstrained build operations Thread 239" [_thread_blocked, id=156160, stack(0x0000001e1dd00000,0x0000001e1de00000)]
  0x000001797109e9b0 JavaThread "Unconstrained build operations Thread 240" [_thread_blocked, id=161572, stack(0x0000001e1de00000,0x0000001e1df00000)]
  0x000001797109eec0 JavaThread "Unconstrained build operations Thread 241" [_thread_blocked, id=150892, stack(0x0000001e1df00000,0x0000001e1e000000)]
  0x00000179710a2670 JavaThread "Unconstrained build operations Thread 242" [_thread_blocked, id=161408, stack(0x0000001e1e000000,0x0000001e1e100000)]
  0x00000179710a3090 JavaThread "Unconstrained build operations Thread 243" [_thread_blocked, id=159476, stack(0x0000001e1e100000,0x0000001e1e200000)]
  0x000001797109f8e0 JavaThread "Unconstrained build operations Thread 244" [_thread_blocked, id=161352, stack(0x0000001e1e200000,0x0000001e1e300000)]
  0x00000179710a6330 JavaThread "Unconstrained build operations Thread 245" [_thread_blocked, id=164028, stack(0x0000001e1e300000,0x0000001e1e400000)]
  0x00000179710a4ef0 JavaThread "WorkerExecutor Queue Thread 26" [_thread_blocked, id=149244, stack(0x0000001e18b00000,0x0000001e18c00000)]
  0x00000179710a35a0 JavaThread "WorkerExecutor Queue Thread 27" [_thread_blocked, id=162896, stack(0x0000001e18c00000,0x0000001e18d00000)]
  0x00000179710a2b80 JavaThread "WorkerExecutor Queue Thread 28" [_thread_blocked, id=164776, stack(0x0000001e1a700000,0x0000001e1a800000)]
  0x00000179710a5910 JavaThread "WorkerExecutor Queue Thread 29" [_thread_blocked, id=164264, stack(0x0000001e1e400000,0x0000001e1e500000)]
  0x00000179710a6840 JavaThread "WorkerExecutor Queue Thread 30" [_thread_blocked, id=149324, stack(0x0000001e1e500000,0x0000001e1e600000)]
  0x00000179710a6d50 JavaThread "Unconstrained build operations Thread 246" [_thread_blocked, id=161700, stack(0x0000001e1e600000,0x0000001e1e700000)]
  0x00000179710a5e20 JavaThread "Unconstrained build operations Thread 247" [_thread_blocked, id=152612, stack(0x0000001e1e700000,0x0000001e1e800000)]
  0x00000179710a3ab0 JavaThread "Unconstrained build operations Thread 248" [_thread_blocked, id=159936, stack(0x0000001e1e800000,0x0000001e1e900000)]
  0x00000179710a49e0 JavaThread "Unconstrained build operations Thread 249" [_thread_blocked, id=163760, stack(0x0000001e1e900000,0x0000001e1ea00000)]
  0x00000179710a7260 JavaThread "Unconstrained build operations Thread 250" [_thread_blocked, id=156680, stack(0x0000001e1ea00000,0x0000001e1eb00000)]
  0x00000179710a7770 JavaThread "Unconstrained build operations Thread 251" [_thread_blocked, id=157384, stack(0x0000001e1ec00000,0x0000001e1ed00000)]
  0x00000179710a3fc0 JavaThread "Unconstrained build operations Thread 252" [_thread_blocked, id=164228, stack(0x0000001e1ed00000,0x0000001e1ee00000)]
  0x00000179710a44d0 JavaThread "Unconstrained build operations Thread 253" [_thread_blocked, id=158576, stack(0x0000001e1ee00000,0x0000001e1ef00000)]
  0x00000179710a8bb0 JavaThread "Unconstrained build operations Thread 254" [_thread_blocked, id=153108, stack(0x0000001e1ef00000,0x0000001e1f000000)]
  0x00000179710a7c80 JavaThread "Unconstrained build operations Thread 255" [_thread_blocked, id=156556, stack(0x0000001e1f000000,0x0000001e1f100000)]
  0x00000179710a8190 JavaThread "Unconstrained build operations Thread 256" [_thread_blocked, id=155364, stack(0x0000001e1f100000,0x0000001e1f200000)]
  0x00000179710a90c0 JavaThread "Unconstrained build operations Thread 257" [_thread_blocked, id=159452, stack(0x0000001e1f200000,0x0000001e1f300000)]
  0x0000017972b27f90 JavaThread "Unconstrained build operations Thread 258" [_thread_blocked, id=164452, stack(0x0000001e1f300000,0x0000001e1f400000)]
  0x0000017972b26640 JavaThread "Unconstrained build operations Thread 259" [_thread_blocked, id=121164, stack(0x0000001e1f400000,0x0000001e1f500000)]
  0x0000017972b24cf0 JavaThread "Unconstrained build operations Thread 260" [_thread_blocked, id=164076, stack(0x0000001e1f500000,0x0000001e1f600000)]
  0x0000017972b289b0 JavaThread "Unconstrained build operations Thread 261" [_thread_blocked, id=164552, stack(0x0000001e1f800000,0x0000001e1f900000)]
  0x0000017972b26b50 JavaThread "Unconstrained build operations Thread 262" [_thread_blocked, id=161508, stack(0x0000001e1f900000,0x0000001e1fa00000)]
  0x0000017972b28ec0 JavaThread "Unconstrained build operations Thread 263" [_thread_blocked, id=155976, stack(0x0000001e1fa00000,0x0000001e1fb00000)]
  0x0000017972b27060 JavaThread "Unconstrained build operations Thread 264" [_thread_blocked, id=163344, stack(0x0000001e1fb00000,0x0000001e1fc00000)]
  0x0000017972b27570 JavaThread "Unconstrained build operations Thread 265" [_thread_blocked, id=157284, stack(0x0000001e1fc00000,0x0000001e1fd00000)]
  0x0000017972b26130 JavaThread "Unconstrained build operations Thread 266" [_thread_blocked, id=162256, stack(0x0000001e1fd00000,0x0000001e1fe00000)]
  0x0000017972b284a0 JavaThread "Unconstrained build operations Thread 267" [_thread_blocked, id=163820, stack(0x0000001e1fe00000,0x0000001e1ff00000)]
  0x0000017972b293d0 JavaThread "Unconstrained build operations Thread 268" [_thread_blocked, id=159956, stack(0x0000001e1ff00000,0x0000001e20000000)]
  0x0000017972b25c20 JavaThread "Unconstrained build operations Thread 269" [_thread_blocked, id=156340, stack(0x0000001e20000000,0x0000001e20100000)]
  0x0000017972b298e0 JavaThread "Unconstrained build operations Thread 270" [_thread_blocked, id=157116, stack(0x0000001e20100000,0x0000001e20200000)]
  0x0000017972b2b740 JavaThread "Unconstrained build operations Thread 271" [_thread_blocked, id=164020, stack(0x0000001e20200000,0x0000001e20300000)]
  0x0000017972b2d5a0 JavaThread "Unconstrained build operations Thread 272" [_thread_blocked, id=157380, stack(0x0000001e20300000,0x0000001e20400000)]
  0x0000017972b29df0 JavaThread "Unconstrained build operations Thread 273" [_thread_blocked, id=161404, stack(0x0000001e20400000,0x0000001e20500000)]
  0x0000017972b2bc50 JavaThread "Unconstrained build operations Thread 274" [_thread_blocked, id=162756, stack(0x0000001e20500000,0x0000001e20600000)]
  0x0000017972b2dab0 JavaThread "Unconstrained build operations Thread 275" [_thread_blocked, id=160484, stack(0x0000001e20600000,0x0000001e20700000)]
  0x0000017972b2a300 JavaThread "Unconstrained build operations Thread 276" [_thread_blocked, id=163612, stack(0x0000001e20700000,0x0000001e20800000)]
  0x00000179941b5e30 JavaThread "C2 CompilerThread2" daemon [_thread_blocked, id=148972, stack(0x0000001e20800000,0x0000001e20900000)]
  0x00000179941b2910 JavaThread "C2 CompilerThread3" daemon [_thread_blocked, id=159228, stack(0x0000001e20900000,0x0000001e20a00000)]
  0x00000179941b9df0 JavaThread "C2 CompilerThread4" daemon [_thread_blocked, id=153292, stack(0x0000001e20a00000,0x0000001e20b00000)]
  0x0000017972b2ad20 JavaThread "WorkerExecutor Queue Thread 31" [_thread_blocked, id=162976, stack(0x0000001e20b00000,0x0000001e20c00000)]
  0x0000017972b326a0 JavaThread "WorkerExecutor Queue Thread 32" [_thread_blocked, id=147272, stack(0x0000001e20c00000,0x0000001e20d00000)]
  0x00000179941b88b0 JavaThread "C1 CompilerThread1" daemon [_thread_blocked, id=160876, stack(0x0000001e21000000,0x0000001e21100000)]
  0x00000179941b9350 JavaThread "C2 CompilerThread5" daemon [_thread_blocked, id=156640, stack(0x0000001e21100000,0x0000001e21200000)]
  0x00000179941bd860 JavaThread "C2 CompilerThread6" daemon [_thread_blocked, id=148952, stack(0x0000001e21200000,0x0000001e21300000)]
  0x00000179941be850 JavaThread "C2 CompilerThread7" daemon [_thread_blocked, id=164676, stack(0x0000001e21400000,0x0000001e21500000)]
  0x0000017972b31770 JavaThread "Unconstrained build operations Thread 277" [_thread_blocked, id=164456, stack(0x0000001e21700000,0x0000001e21800000)]
  0x0000017972b30840 JavaThread "Unconstrained build operations Thread 278" [_thread_blocked, id=164240, stack(0x0000001e21800000,0x0000001e21900000)]
  0x0000017972b2f400 JavaThread "Unconstrained build operations Thread 279" [_thread_blocked, id=161868, stack(0x0000001e21900000,0x0000001e21a00000)]
  0x0000017972b32190 JavaThread "Unconstrained build operations Thread 280" [_thread_blocked, id=160488, stack(0x0000001e21a00000,0x0000001e21b00000)]
  0x0000017972b330c0 JavaThread "Unconstrained build operations Thread 281" [_thread_blocked, id=155772, stack(0x0000001e21b00000,0x0000001e21c00000)]
  0x0000017972b335d0 JavaThread "Unconstrained build operations Thread 282" [_thread_blocked, id=155856, stack(0x0000001e21f00000,0x0000001e22000000)]
  0x0000017972b2fe20 JavaThread "Unconstrained build operations Thread 283" [_thread_blocked, id=164428, stack(0x0000001e22000000,0x0000001e22100000)]
  0x0000017972b33ae0 JavaThread "Unconstrained build operations Thread 284" [_thread_blocked, id=148904, stack(0x0000001e22100000,0x0000001e22200000)]
  0x0000017972b30330 JavaThread "Unconstrained build operations Thread 285" [_thread_blocked, id=164252, stack(0x0000001e22200000,0x0000001e22300000)]
  0x0000017972b34500 JavaThread "Unconstrained build operations Thread 286" [_thread_blocked, id=156984, stack(0x0000001e22300000,0x0000001e22400000)]
  0x0000017972b33ff0 JavaThread "Unconstrained build operations Thread 287" [_thread_blocked, id=158364, stack(0x0000001e22400000,0x0000001e22500000)]
  0x0000017972b30d50 JavaThread "Unconstrained build operations Thread 288" [_thread_blocked, id=152652, stack(0x0000001e22500000,0x0000001e22600000)]
  0x0000017992f8bd70 JavaThread "Unconstrained build operations Thread 289" [_thread_blocked, id=159892, stack(0x0000001e22600000,0x0000001e22700000)]
  0x0000017992f8ae40 JavaThread "Unconstrained build operations Thread 290" [_thread_blocked, id=159884, stack(0x0000001e22700000,0x0000001e22800000)]
  0x0000017992f894f0 JavaThread "Unconstrained build operations Thread 291" [_thread_blocked, id=125716, stack(0x0000001e22a00000,0x0000001e22b00000)]
  0x0000017992f8c280 JavaThread "Unconstrained build operations Thread 292" [_thread_blocked, id=163504, stack(0x0000001e22b00000,0x0000001e22c00000)]
  0x0000017992f8d1b0 JavaThread "Unconstrained build operations Thread 293" [_thread_blocked, id=161884, stack(0x0000001e22c00000,0x0000001e22d00000)]
  0x0000017992f8d6c0 JavaThread "WorkerExecutor Queue Thread 34" [_thread_blocked, id=164644, stack(0x0000001e22d00000,0x0000001e22e00000)]
  0x0000017992f8ff40 JavaThread "Unconstrained build operations Thread 294" [_thread_blocked, id=164140, stack(0x0000001e22e00000,0x0000001e22f00000)]
  0x0000017992f8f520 JavaThread "Unconstrained build operations Thread 295" [_thread_blocked, id=160272, stack(0x0000001e22f00000,0x0000001e23000000)]
  0x0000017992f8e5f0 JavaThread "Unconstrained build operations Thread 296" [_thread_blocked, id=162480, stack(0x0000001e23000000,0x0000001e23100000)]
  0x0000017992f90450 JavaThread "Unconstrained build operations Thread 297" [_thread_blocked, id=164312, stack(0x0000001e23100000,0x0000001e23200000)]
  0x0000017992f8f010 JavaThread "Unconstrained build operations Thread 298" [_thread_blocked, id=163540, stack(0x0000001e23200000,0x0000001e23300000)]
  0x0000017992f8fa30 JavaThread "Unconstrained build operations Thread 299" [_thread_blocked, id=159276, stack(0x0000001e23300000,0x0000001e23400000)]
  0x0000017992f741c0 JavaThread "Unconstrained build operations Thread 300" [_thread_blocked, id=158360, stack(0x0000001e23400000,0x0000001e23500000)]
  0x0000017992f746d0 JavaThread "Unconstrained build operations Thread 301" [_thread_blocked, id=163244, stack(0x0000001e23500000,0x0000001e23600000)]
  0x0000017992f72d80 JavaThread "Unconstrained build operations Thread 302" [_thread_blocked, id=154880, stack(0x0000001e23600000,0x0000001e23700000)]
  0x0000017992f74be0 JavaThread "Unconstrained build operations Thread 303" [_thread_blocked, id=153596, stack(0x0000001e23700000,0x0000001e23800000)]
  0x0000017992f71430 JavaThread "Unconstrained build operations Thread 304" [_thread_blocked, id=162272, stack(0x0000001e23800000,0x0000001e23900000)]
  0x0000017992f71940 JavaThread "Unconstrained build operations Thread 305" [_thread_blocked, id=160748, stack(0x0000001e23900000,0x0000001e23a00000)]
  0x0000017992f72360 JavaThread "Unconstrained build operations Thread 306" [_thread_blocked, id=162936, stack(0x0000001e23a00000,0x0000001e23b00000)]
  0x0000017992f71e50 JavaThread "Unconstrained build operations Thread 307" [_thread_blocked, id=151456, stack(0x0000001e23b00000,0x0000001e23c00000)]
  0x0000017992f77970 JavaThread "Unconstrained build operations Thread 308" [_thread_blocked, id=157676, stack(0x0000001e23c00000,0x0000001e23d00000)]
  0x0000017992f77e80 JavaThread "Unconstrained build operations Thread 309" [_thread_blocked, id=156976, stack(0x0000001e23d00000,0x0000001e23e00000)]
  0x0000017992f7cf80 JavaThread "Unconstrained build operations Thread 310" [_thread_blocked, id=157204, stack(0x0000001e23e00000,0x0000001e23f00000)]
  0x0000017992f81b70 JavaThread "Unconstrained build operations Thread 311" [_thread_blocked, id=154956, stack(0x0000001e23f00000,0x0000001e24000000)]
  0x0000017992f80c40 JavaThread "Unconstrained build operations Thread 312" [_thread_blocked, id=163908, stack(0x0000001e24000000,0x0000001e24100000)]
  0x0000017992f81660 JavaThread "Unconstrained build operations Thread 313" [_thread_blocked, id=157876, stack(0x0000001e24100000,0x0000001e24200000)]
  0x000001796b70e290 JavaThread "Unconstrained build operations Thread 314" [_thread_blocked, id=157200, stack(0x0000001e24200000,0x0000001e24300000)]
  0x000001796b70c940 JavaThread "Unconstrained build operations Thread 315" [_thread_blocked, id=160528, stack(0x0000001e24300000,0x0000001e24400000)]
  0x000001796b70dd80 JavaThread "Unconstrained build operations Thread 316" [_thread_blocked, id=155504, stack(0x0000001e24400000,0x0000001e24500000)]
  0x000001796b70d360 JavaThread "Unconstrained build operations Thread 317" [_thread_blocked, id=159548, stack(0x0000001e24500000,0x0000001e24600000)]
  0x000001796b70ce50 JavaThread "Unconstrained build operations Thread 318" [_thread_blocked, id=155120, stack(0x0000001e24600000,0x0000001e24700000)]
  0x000001796b70e7a0 JavaThread "Unconstrained build operations Thread 319" [_thread_blocked, id=149648, stack(0x0000001e24700000,0x0000001e24800000)]
  0x000001796b70ecb0 JavaThread "Unconstrained build operations Thread 320" [_thread_blocked, id=163804, stack(0x0000001e24800000,0x0000001e24900000)]
  0x00000179941bb330 JavaThread "C2 CompilerThread8" daemon [_thread_blocked, id=164056, stack(0x0000001e21600000,0x0000001e21700000)]
  0x00000179941bade0 JavaThread "C2 CompilerThread9" daemon [_thread_blocked, id=160716, stack(0x0000001e24c00000,0x0000001e24d00000)]
  0x0000017991ea8fc0 JavaThread "C1 CompilerThread2" daemon [_thread_blocked, id=156464, stack(0x0000001e24d00000,0x0000001e24e00000)]
  0x00000179a1efd2e0 JavaThread "C1 CompilerThread3" daemon [_thread_blocked, id=163000, stack(0x0000001e24f00000,0x0000001e25000000)]
  0x00000179910d0610 JavaThread "RMI TCP Connection(131)-127.0.0.1" daemon [_thread_in_native, id=155672, stack(0x0000001e21500000,0x0000001e21600000)]
  0x000001799a525ff0 JavaThread "RMI TCP Connection(137)-127.0.0.1" daemon [_thread_in_native, id=160104, stack(0x0000001e25100000,0x0000001e25200000)]
  0x0000017994d6fa00 JavaThread "WorkerExecutor Queue Thread 35" [_thread_blocked, id=150800, stack(0x0000001e25200000,0x0000001e25300000)]

Other Threads:
=>0x000001792322f120 VMThread "VM Thread" [stack: 0x0000001e03000000,0x0000001e03100000] [id=146628]
  0x00000179792bb6e0 WatcherThread [stack: 0x0000001e03f00000,0x0000001e04000000] [id=143092]
  0x000001797934a580 GCTaskThread "GC Thread#0" [stack: 0x0000001e02b00000,0x0000001e02c00000] [id=152948]
  0x00000179698e5800 GCTaskThread "GC Thread#1" [stack: 0x0000001e04400000,0x0000001e04500000] [id=157468]
  0x000001796a4c8eb0 GCTaskThread "GC Thread#2" [stack: 0x0000001e04500000,0x0000001e04600000] [id=160492]
  0x000001796a4c9170 GCTaskThread "GC Thread#3" [stack: 0x0000001e04600000,0x0000001e04700000] [id=158312]
  0x000001796983ac90 GCTaskThread "GC Thread#4" [stack: 0x0000001e04700000,0x0000001e04800000] [id=150260]
  0x000001796983b360 GCTaskThread "GC Thread#5" [stack: 0x0000001e04800000,0x0000001e04900000] [id=160300]
  0x000001796983b620 GCTaskThread "GC Thread#6" [stack: 0x0000001e04900000,0x0000001e04a00000] [id=156896]
  0x000001796983bcb0 GCTaskThread "GC Thread#7" [stack: 0x0000001e04a00000,0x0000001e04b00000] [id=157912]
  0x0000017969d5c6c0 GCTaskThread "GC Thread#8" [stack: 0x0000001e04b00000,0x0000001e04c00000] [id=155860]
  0x0000017969d5cf90 GCTaskThread "GC Thread#9" [stack: 0x0000001e04c00000,0x0000001e04d00000] [id=159720]
  0x0000017969fcda90 GCTaskThread "GC Thread#10" [stack: 0x0000001e04d00000,0x0000001e04e00000] [id=150748]
  0x00000179696f3b20 GCTaskThread "GC Thread#11" [stack: 0x0000001e04e00000,0x0000001e04f00000] [id=156488]
  0x00000179696f53e0 GCTaskThread "GC Thread#12" [stack: 0x0000001e04f00000,0x0000001e05000000] [id=159952]
  0x00000179696f3de0 GCTaskThread "GC Thread#13" [stack: 0x0000001e05000000,0x0000001e05100000] [id=156636]
  0x00000179696f4620 GCTaskThread "GC Thread#14" [stack: 0x0000001e05100000,0x0000001e05200000] [id=154664]
  0x00000179696f4360 GCTaskThread "GC Thread#15" [stack: 0x0000001e05200000,0x0000001e05300000] [id=152476]
  0x00000179696f4e60 GCTaskThread "GC Thread#16" [stack: 0x0000001e05300000,0x0000001e05400000] [id=155636]
  0x00000179696f48e0 GCTaskThread "GC Thread#17" [stack: 0x0000001e05400000,0x0000001e05500000] [id=143276]
  0x00000179696f4ba0 GCTaskThread "GC Thread#18" [stack: 0x0000001e05500000,0x0000001e05600000] [id=161120]
  0x00000179696f5120 GCTaskThread "GC Thread#19" [stack: 0x0000001e05600000,0x0000001e05700000] [id=153400]
  0x00000179696f3860 GCTaskThread "GC Thread#20" [stack: 0x0000001e05700000,0x0000001e05800000] [id=161416]
  0x00000179696f40a0 GCTaskThread "GC Thread#21" [stack: 0x0000001e05800000,0x0000001e05900000] [id=160432]
  0x0000017969555720 GCTaskThread "GC Thread#22" [stack: 0x0000001e05900000,0x0000001e05a00000] [id=118216]
  0x00000179793564b0 ConcurrentGCThread "G1 Main Marker" [stack: 0x0000001e02c00000,0x0000001e02d00000] [id=158332]
  0x0000017979357580 ConcurrentGCThread "G1 Conc#0" [stack: 0x0000001e02d00000,0x0000001e02e00000] [id=160980]
  0x0000017969557ae0 ConcurrentGCThread "G1 Conc#1" [stack: 0x0000001e06800000,0x0000001e06900000] [id=159640]
  0x00000179695551a0 ConcurrentGCThread "G1 Conc#2" [stack: 0x0000001e06900000,0x0000001e06a00000] [id=160948]
  0x0000017969556fe0 ConcurrentGCThread "G1 Conc#3" [stack: 0x0000001e06a00000,0x0000001e06b00000] [id=158432]
  0x00000179695585e0 ConcurrentGCThread "G1 Conc#4" [stack: 0x0000001e06b00000,0x0000001e06c00000] [id=115252]
  0x00000179695564e0 ConcurrentGCThread "G1 Conc#5" [stack: 0x0000001e06c00000,0x0000001e06d00000] [id=159808]
  0x000001797cd850e0 ConcurrentGCThread "G1 Refine#0" [stack: 0x0000001e02e00000,0x0000001e02f00000] [id=153024]
  0x000001796ee4c4f0 ConcurrentGCThread "G1 Refine#1" [stack: 0x0000001e17d00000,0x0000001e17e00000] [id=164156]
  0x0000017992b9b400 ConcurrentGCThread "G1 Refine#2" [stack: 0x0000001e19c00000,0x0000001e19d00000] [id=160156]
  0x000001796be711e0 ConcurrentGCThread "G1 Refine#3" [stack: 0x0000001e19d00000,0x0000001e19e00000] [id=156468]
  0x00000179941c3860 ConcurrentGCThread "G1 Refine#4" [stack: 0x0000001e19e00000,0x0000001e19f00000] [id=160180]
  0x0000017973b47320 ConcurrentGCThread "G1 Refine#5" [stack: 0x0000001e19f00000,0x0000001e1a000000] [id=160988]
  0x000001799a55b840 ConcurrentGCThread "G1 Refine#6" [stack: 0x0000001e1a000000,0x0000001e1a100000] [id=153056]
  0x00000179239634c0 ConcurrentGCThread "G1 Refine#7" [stack: 0x0000001e1a100000,0x0000001e1a200000] [id=155676]
  0x000001797098a650 ConcurrentGCThread "G1 Refine#8" [stack: 0x0000001e1a200000,0x0000001e1a300000] [id=156264]
  0x0000017970d74030 ConcurrentGCThread "G1 Refine#9" [stack: 0x0000001e1a300000,0x0000001e1a400000] [id=156424]
  0x000001796f722690 ConcurrentGCThread "G1 Refine#10" [stack: 0x0000001e1a400000,0x0000001e1a500000] [id=152796]
  0x0000017992b9b110 ConcurrentGCThread "G1 Refine#11" [stack: 0x0000001e19200000,0x0000001e19300000] [id=164424]
  0x00000179a129cd30 ConcurrentGCThread "G1 Refine#12" [stack: 0x0000001e1b400000,0x0000001e1b500000] [id=163780]
  0x00000179759d6280 ConcurrentGCThread "G1 Refine#13" [stack: 0x0000001e24b00000,0x0000001e24c00000] [id=155724]
  0x000001797cd85a20 ConcurrentGCThread "G1 Service" [stack: 0x0000001e02f00000,0x0000001e03000000] [id=153392]

Threads with active compile tasks:
C2 CompilerThread0  2013981 89329       4       java.util.ArrayList::elementData (7 bytes)
C2 CompilerThread1  2013981 89165       4       com.android.tools.r8.internal.nB::a (3928 bytes)
C2 CompilerThread2  2013981 89280 %     4       com.android.tools.r8.internal.K9::a @ 929 (1828 bytes)
C2 CompilerThread3  2013981 89231 %     4       com.android.tools.r8.internal.US::b @ 418 (2119 bytes)
C2 CompilerThread4  2013981 89349       4       com.android.tools.r8.internal.US::c (803 bytes)
C2 CompilerThread5  2013981 87121 %     4       com.android.tools.r8.ir.optimize.f0::a @ 376 (1849 bytes)
C2 CompilerThread6  2013981 89186       4       com.android.tools.r8.internal.de::a (7028 bytes)
C2 CompilerThread7  2013981 89192       4       com.android.tools.r8.ir.optimize.F::a (724 bytes)
C2 CompilerThread8  2013981 89221       4       com.android.tools.r8.internal.US::a (974 bytes)
C2 CompilerThread9  2013981 89281       4       com.android.tools.r8.graph.U0::a (439 bytes)
C1 CompilerThread3  2013981 89377       3       com.android.tools.r8.internal.nH::contains (201 bytes)

VM state: at safepoint (normal execution)

VM Mutex/Monitor currently owned by a thread:  ([mutex/lock_event])
[0x00000179792a9e50] Threads_lock - owner thread: 0x000001792322f120
[0x00000179792a9160] Heap_lock - owner thread: 0x0000017972002710

Heap address: 0x0000000680000000, size: 6144 MB, Compressed Oops mode: Zero based, Oop shift amount: 3

CDS archive(s) mapped at: [0x0000017924000000-0x0000017924bb0000-0x0000017924bb0000), size 12255232, SharedBaseAddress: 0x0000017924000000, ArchiveRelocationMode: 1.
Compressed class space mapped at: 0x0000017925000000-0x0000017965000000, reserved size: 1073741824
Narrow klass base: 0x0000017924000000, Narrow klass shift: 0, Narrow klass range: 0x100000000

GC Precious Log:
 CPUs: 32 total, 32 available
 Memory: 65442M
 Large Page Support: Disabled
 NUMA Support: Disabled
 Compressed Oops: Enabled (Zero based)
 Heap Region Size: 4M
 Heap Min Capacity: 8M
 Heap Initial Capacity: 1G
 Heap Max Capacity: 6G
 Pre-touch: Disabled
 Parallel Workers: 23
 Concurrent Workers: 6
 Concurrent Refinement Workers: 23
 Periodic GC: Disabled

Heap:
 garbage-first heap   total 4460544K, used 1448633K [0x0000000680000000, 0x0000000800000000)
  region size 4096K, 7 young (28672K), 7 survivors (28672K)
 Metaspace       used 578544K, committed 585344K, reserved 1572864K
  class space    used 70708K, committed 73792K, reserved 1048576K

Heap Regions: E=young(eden), S=young(survivor), O=old, HS=humongous(starts), HC=humongous(continues), CS=collection set, F=free, OA=open archive, CA=closed archive, TAMS=top-at-mark-start (previous, next)
|   0|0x0000000680000000, 0x0000000680400000, 0x0000000680400000|100%|HS|  |TAMS 0x0000000680400000, 0x0000000680000000| Complete 
|   1|0x0000000680400000, 0x0000000680800000, 0x0000000680800000|100%| O|  |TAMS 0x0000000680800000, 0x0000000680400000| Untracked 
|   2|0x0000000680800000, 0x0000000680c00000, 0x0000000680c00000|100%| O|  |TAMS 0x0000000680c00000, 0x0000000680800000| Untracked 
|   3|0x0000000680c00000, 0x0000000681000000, 0x0000000681000000|100%| O|  |TAMS 0x0000000681000000, 0x0000000680c00000| Untracked 
|   4|0x0000000681000000, 0x0000000681400000, 0x0000000681400000|100%| O|  |TAMS 0x0000000681400000, 0x0000000681000000| Untracked 
|   5|0x0000000681400000, 0x0000000681800000, 0x0000000681800000|100%| O|  |TAMS 0x0000000681800000, 0x0000000681400000| Untracked 
|   6|0x0000000681800000, 0x0000000681c00000, 0x0000000681c00000|100%| O|  |TAMS 0x0000000681c00000, 0x0000000681800000| Untracked 
|   7|0x0000000681c00000, 0x0000000682000000, 0x0000000682000000|100%| O|  |TAMS 0x0000000682000000, 0x0000000681c00000| Untracked 
|   8|0x0000000682000000, 0x0000000682400000, 0x0000000682400000|100%| O|  |TAMS 0x0000000682400000, 0x0000000682000000| Untracked 
|   9|0x0000000682400000, 0x0000000682800000, 0x0000000682800000|100%|HS|  |TAMS 0x0000000682800000, 0x0000000682400000| Complete 
|  10|0x0000000682800000, 0x0000000682c00000, 0x0000000682c00000|100%| O|  |TAMS 0x0000000682c00000, 0x0000000682800000| Untracked 
|  11|0x0000000682c00000, 0x0000000683000000, 0x0000000683000000|100%| O|  |TAMS 0x0000000683000000, 0x0000000682c00000| Untracked 
|  12|0x0000000683000000, 0x0000000683400000, 0x0000000683400000|100%| O|  |TAMS 0x0000000683400000, 0x0000000683000000| Untracked 
|  13|0x0000000683400000, 0x0000000683800000, 0x0000000683800000|100%| O|  |TAMS 0x0000000683800000, 0x0000000683400000| Untracked 
|  14|0x0000000683800000, 0x0000000683c00000, 0x0000000683c00000|100%| O|  |TAMS 0x0000000683c00000, 0x0000000683800000| Untracked 
|  15|0x0000000683c00000, 0x0000000684000000, 0x0000000684000000|100%| O|  |TAMS 0x0000000684000000, 0x0000000683c00000| Untracked 
|  16|0x0000000684000000, 0x0000000684400000, 0x0000000684400000|100%| O|  |TAMS 0x0000000684400000, 0x0000000684000000| Untracked 
|  17|0x0000000684400000, 0x0000000684800000, 0x0000000684800000|100%| O|  |TAMS 0x0000000684800000, 0x0000000684400000| Untracked 
|  18|0x0000000684800000, 0x0000000684c00000, 0x0000000684c00000|100%| O|  |TAMS 0x0000000684c00000, 0x0000000684800000| Untracked 
|  19|0x0000000684c00000, 0x0000000685000000, 0x0000000685000000|100%| O|  |TAMS 0x0000000685000000, 0x0000000684c00000| Untracked 
|  20|0x0000000685000000, 0x0000000685400000, 0x0000000685400000|100%| O|  |TAMS 0x0000000685400000, 0x0000000685000000| Untracked 
|  21|0x0000000685400000, 0x0000000685800000, 0x0000000685800000|100%| O|  |TAMS 0x0000000685800000, 0x0000000685400000| Untracked 
|  22|0x0000000685800000, 0x0000000685c00000, 0x0000000685c00000|100%| O|  |TAMS 0x0000000685c00000, 0x0000000685800000| Untracked 
|  23|0x0000000685c00000, 0x0000000686000000, 0x0000000686000000|100%|HS|  |TAMS 0x0000000686000000, 0x0000000685c00000| Complete 
|  24|0x0000000686000000, 0x0000000686400000, 0x0000000686400000|100%| O|  |TAMS 0x0000000686400000, 0x0000000686000000| Untracked 
|  25|0x0000000686400000, 0x0000000686800000, 0x0000000686800000|100%| O|  |TAMS 0x0000000686800000, 0x0000000686400000| Untracked 
|  26|0x0000000686800000, 0x0000000686c00000, 0x0000000686c00000|100%| O|  |TAMS 0x0000000686c00000, 0x0000000686800000| Untracked 
|  27|0x0000000686c00000, 0x0000000687000000, 0x0000000687000000|100%| O|  |TAMS 0x0000000687000000, 0x0000000686c00000| Untracked 
|  28|0x0000000687000000, 0x0000000687400000, 0x0000000687400000|100%| O|  |TAMS 0x0000000687400000, 0x0000000687000000| Untracked 
|  29|0x0000000687400000, 0x0000000687800000, 0x0000000687800000|100%| O|  |TAMS 0x0000000687800000, 0x0000000687400000| Untracked 
|  30|0x0000000687800000, 0x0000000687c00000, 0x0000000687c00000|100%| O|  |TAMS 0x0000000687800000, 0x0000000687800000| Untracked 
|  31|0x0000000687c00000, 0x0000000688000000, 0x0000000688000000|100%| O|  |TAMS 0x0000000688000000, 0x0000000687c00000| Untracked 
|  32|0x0000000688000000, 0x0000000688000000, 0x0000000688400000|  0%| F|  |TAMS 0x0000000688000000, 0x0000000688000000| Untracked 
|  33|0x0000000688400000, 0x0000000688400000, 0x0000000688800000|  0%| F|  |TAMS 0x0000000688400000, 0x0000000688400000| Untracked 
|  34|0x0000000688800000, 0x0000000688c00000, 0x0000000688c00000|100%|HS|  |TAMS 0x0000000688c00000, 0x0000000688800000| Complete 
|  35|0x0000000688c00000, 0x0000000689000000, 0x0000000689000000|100%| O|  |TAMS 0x0000000689000000, 0x0000000688c00000| Untracked 
|  36|0x0000000689000000, 0x0000000689400000, 0x0000000689400000|100%| O|  |TAMS 0x0000000689400000, 0x0000000689000000| Untracked 
|  37|0x0000000689400000, 0x0000000689800000, 0x0000000689800000|100%| O|  |TAMS 0x0000000689800000, 0x0000000689400000| Untracked 
|  38|0x0000000689800000, 0x0000000689c00000, 0x0000000689c00000|100%| O|  |TAMS 0x0000000689c00000, 0x0000000689800000| Untracked 
|  39|0x0000000689c00000, 0x000000068a000000, 0x000000068a000000|100%| O|  |TAMS 0x000000068a000000, 0x0000000689c00000| Untracked 
|  40|0x000000068a000000, 0x000000068a400000, 0x000000068a400000|100%| O|  |TAMS 0x000000068a400000, 0x000000068a000000| Untracked 
|  41|0x000000068a400000, 0x000000068a800000, 0x000000068a800000|100%| O|  |TAMS 0x000000068a800000, 0x000000068a400000| Untracked 
|  42|0x000000068a800000, 0x000000068ac00000, 0x000000068ac00000|100%| O|  |TAMS 0x000000068ac00000, 0x000000068a800000| Untracked 
|  43|0x000000068ac00000, 0x000000068b000000, 0x000000068b000000|100%| O|  |TAMS 0x000000068b000000, 0x000000068ac00000| Untracked 
|  44|0x000000068b000000, 0x000000068b400000, 0x000000068b400000|100%| O|  |TAMS 0x000000068b400000, 0x000000068b000000| Untracked 
|  45|0x000000068b400000, 0x000000068b800000, 0x000000068b800000|100%| O|  |TAMS 0x000000068b800000, 0x000000068b400000| Untracked 
|  46|0x000000068b800000, 0x000000068bc00000, 0x000000068bc00000|100%| O|  |TAMS 0x000000068bc00000, 0x000000068b800000| Untracked 
|  47|0x000000068bc00000, 0x000000068c000000, 0x000000068c000000|100%| O|  |TAMS 0x000000068c000000, 0x000000068bc00000| Untracked 
|  48|0x000000068c000000, 0x000000068c400000, 0x000000068c400000|100%| O|  |TAMS 0x000000068c000000, 0x000000068c000000| Untracked 
|  49|0x000000068c400000, 0x000000068c800000, 0x000000068c800000|100%| O|  |TAMS 0x000000068c800000, 0x000000068c400000| Untracked 
|  50|0x000000068c800000, 0x000000068cc00000, 0x000000068cc00000|100%|HS|  |TAMS 0x000000068cc00000, 0x000000068c800000| Complete 
|  51|0x000000068cc00000, 0x000000068d000000, 0x000000068d000000|100%| O|  |TAMS 0x000000068cc00000, 0x000000068cc00000| Untracked 
|  52|0x000000068d000000, 0x000000068d400000, 0x000000068d400000|100%| O|  |TAMS 0x000000068d000000, 0x000000068d000000| Untracked 
|  53|0x000000068d400000, 0x000000068d400000, 0x000000068d800000|  0%| F|  |TAMS 0x000000068d400000, 0x000000068d400000| Untracked 
|  54|0x000000068d800000, 0x000000068dc00000, 0x000000068dc00000|100%| O|  |TAMS 0x000000068d800000, 0x000000068d800000| Untracked 
|  55|0x000000068dc00000, 0x000000068e000000, 0x000000068e000000|100%| O|  |TAMS 0x000000068e000000, 0x000000068dc00000| Untracked 
|  56|0x000000068e000000, 0x000000068e400000, 0x000000068e400000|100%|HS|  |TAMS 0x000000068e400000, 0x000000068e000000| Complete 
|  57|0x000000068e400000, 0x000000068e800000, 0x000000068e800000|100%|HC|  |TAMS 0x000000068e800000, 0x000000068e400000| Complete 
|  58|0x000000068e800000, 0x000000068ec00000, 0x000000068ec00000|100%| O|  |TAMS 0x000000068e800000, 0x000000068e800000| Untracked 
|  59|0x000000068ec00000, 0x000000068f000000, 0x000000068f000000|100%|HS|  |TAMS 0x000000068f000000, 0x000000068ec00000| Complete 
|  60|0x000000068f000000, 0x000000068f400000, 0x000000068f400000|100%|HC|  |TAMS 0x000000068f400000, 0x000000068f000000| Complete 
|  61|0x000000068f400000, 0x000000068f800000, 0x000000068f800000|100%|HS|  |TAMS 0x000000068f800000, 0x000000068f400000| Complete 
|  62|0x000000068f800000, 0x000000068fc00000, 0x000000068fc00000|100%|HC|  |TAMS 0x000000068fc00000, 0x000000068f800000| Complete 
|  63|0x000000068fc00000, 0x0000000690000000, 0x0000000690000000|100%|HS|  |TAMS 0x0000000690000000, 0x000000068fc00000| Complete 
|  64|0x0000000690000000, 0x0000000690400000, 0x0000000690400000|100%|HC|  |TAMS 0x0000000690400000, 0x0000000690000000| Complete 
|  65|0x0000000690400000, 0x0000000690800000, 0x0000000690800000|100%| O|  |TAMS 0x0000000690800000, 0x0000000690400000| Untracked 
|  66|0x0000000690800000, 0x0000000690c00000, 0x0000000690c00000|100%| O|  |TAMS 0x0000000690c00000, 0x0000000690800000| Untracked 
|  67|0x0000000690c00000, 0x0000000691000000, 0x0000000691000000|100%| O|  |TAMS 0x0000000691000000, 0x0000000690c00000| Untracked 
|  68|0x0000000691000000, 0x0000000691400000, 0x0000000691400000|100%| O|  |TAMS 0x0000000691400000, 0x0000000691000000| Untracked 
|  69|0x0000000691400000, 0x0000000691800000, 0x0000000691800000|100%| O|  |TAMS 0x0000000691800000, 0x0000000691400000| Untracked 
|  70|0x0000000691800000, 0x0000000691800000, 0x0000000691c00000|  0%| F|  |TAMS 0x0000000691800000, 0x0000000691800000| Untracked 
|  71|0x0000000691c00000, 0x0000000692000000, 0x0000000692000000|100%| O|  |TAMS 0x0000000691c00000, 0x0000000691c00000| Untracked 
|  72|0x0000000692000000, 0x0000000692400000, 0x0000000692400000|100%| O|  |TAMS 0x0000000692000000, 0x0000000692000000| Untracked 
|  73|0x0000000692400000, 0x0000000692800000, 0x0000000692800000|100%| O|  |TAMS 0x0000000692800000, 0x0000000692400000| Untracked 
|  74|0x0000000692800000, 0x0000000692c00000, 0x0000000692c00000|100%| O|  |TAMS 0x0000000692c00000, 0x0000000692800000| Untracked 
|  75|0x0000000692c00000, 0x0000000693000000, 0x0000000693000000|100%| O|  |TAMS 0x0000000693000000, 0x0000000692c00000| Untracked 
|  76|0x0000000693000000, 0x0000000693400000, 0x0000000693400000|100%| O|  |TAMS 0x0000000693400000, 0x0000000693000000| Untracked 
|  77|0x0000000693400000, 0x0000000693800000, 0x0000000693800000|100%| O|  |TAMS 0x0000000693800000, 0x0000000693400000| Untracked 
|  78|0x0000000693800000, 0x0000000693c00000, 0x0000000693c00000|100%| O|  |TAMS 0x0000000693c00000, 0x0000000693800000| Untracked 
|  79|0x0000000693c00000, 0x0000000694000000, 0x0000000694000000|100%| O|  |TAMS 0x0000000694000000, 0x0000000693c00000| Untracked 
|  80|0x0000000694000000, 0x0000000694400000, 0x0000000694400000|100%| O|  |TAMS 0x0000000694400000, 0x0000000694000000| Untracked 
|  81|0x0000000694400000, 0x0000000694800000, 0x0000000694800000|100%| O|  |TAMS 0x0000000694800000, 0x0000000694400000| Untracked 
|  82|0x0000000694800000, 0x0000000694c00000, 0x0000000694c00000|100%| O|  |TAMS 0x0000000694c00000, 0x0000000694800000| Untracked 
|  83|0x0000000694c00000, 0x0000000695000000, 0x0000000695000000|100%| O|  |TAMS 0x0000000695000000, 0x0000000694c00000| Untracked 
|  84|0x0000000695000000, 0x0000000695400000, 0x0000000695400000|100%| O|  |TAMS 0x0000000695400000, 0x0000000695000000| Untracked 
|  85|0x0000000695400000, 0x0000000695800000, 0x0000000695800000|100%| O|  |TAMS 0x0000000695800000, 0x0000000695400000| Untracked 
|  86|0x0000000695800000, 0x0000000695c00000, 0x0000000695c00000|100%| O|  |TAMS 0x0000000695800000, 0x0000000695800000| Untracked 
|  87|0x0000000695c00000, 0x0000000696000000, 0x0000000696000000|100%| O|  |TAMS 0x0000000696000000, 0x0000000695c00000| Untracked 
|  88|0x0000000696000000, 0x0000000696400000, 0x0000000696400000|100%| O|  |TAMS 0x0000000696400000, 0x0000000696000000| Untracked 
|  89|0x0000000696400000, 0x0000000696800000, 0x0000000696800000|100%| O|  |TAMS 0x0000000696800000, 0x0000000696400000| Untracked 
|  90|0x0000000696800000, 0x0000000696c00000, 0x0000000696c00000|100%| O|  |TAMS 0x0000000696800000, 0x0000000696800000| Untracked 
|  91|0x0000000696c00000, 0x0000000697000000, 0x0000000697000000|100%| O|  |TAMS 0x0000000697000000, 0x0000000696c00000| Untracked 
|  92|0x0000000697000000, 0x0000000697400000, 0x0000000697400000|100%| O|  |TAMS 0x0000000697000000, 0x0000000697000000| Untracked 
|  93|0x0000000697400000, 0x0000000697800000, 0x0000000697800000|100%| O|  |TAMS 0x0000000697800000, 0x0000000697400000| Untracked 
|  94|0x0000000697800000, 0x0000000697c00000, 0x0000000697c00000|100%| O|  |TAMS 0x0000000697800000, 0x0000000697800000| Untracked 
|  95|0x0000000697c00000, 0x0000000698000000, 0x0000000698000000|100%| O|  |TAMS 0x0000000697c00000, 0x0000000697c00000| Untracked 
|  96|0x0000000698000000, 0x0000000698400000, 0x0000000698400000|100%| O|  |TAMS 0x0000000698000000, 0x0000000698000000| Untracked 
|  97|0x0000000698400000, 0x0000000698800000, 0x0000000698800000|100%| O|  |TAMS 0x0000000698400000, 0x0000000698400000| Untracked 
|  98|0x0000000698800000, 0x0000000698c00000, 0x0000000698c00000|100%| O|  |TAMS 0x0000000698c00000, 0x0000000698800000| Untracked 
|  99|0x0000000698c00000, 0x0000000699000000, 0x0000000699000000|100%| O|  |TAMS 0x0000000698c00000, 0x0000000698c00000| Untracked 
| 100|0x0000000699000000, 0x0000000699400000, 0x0000000699400000|100%| O|  |TAMS 0x0000000699400000, 0x0000000699000000| Untracked 
| 101|0x0000000699400000, 0x0000000699800000, 0x0000000699800000|100%| O|  |TAMS 0x0000000699800000, 0x0000000699400000| Untracked 
| 102|0x0000000699800000, 0x0000000699c00000, 0x0000000699c00000|100%| O|  |TAMS 0x0000000699c00000, 0x0000000699800000| Untracked 
| 103|0x0000000699c00000, 0x000000069a000000, 0x000000069a000000|100%| O|  |TAMS 0x000000069a000000, 0x0000000699c00000| Untracked 
| 104|0x000000069a000000, 0x000000069a400000, 0x000000069a400000|100%| O|  |TAMS 0x000000069a400000, 0x000000069a000000| Untracked 
| 105|0x000000069a400000, 0x000000069a800000, 0x000000069a800000|100%| O|  |TAMS 0x000000069a800000, 0x000000069a400000| Untracked 
| 106|0x000000069a800000, 0x000000069ac00000, 0x000000069ac00000|100%| O|  |TAMS 0x000000069ac00000, 0x000000069a800000| Untracked 
| 107|0x000000069ac00000, 0x000000069b000000, 0x000000069b000000|100%| O|  |TAMS 0x000000069b000000, 0x000000069ac00000| Untracked 
| 108|0x000000069b000000, 0x000000069b400000, 0x000000069b400000|100%| O|  |TAMS 0x000000069b400000, 0x000000069b000000| Untracked 
| 109|0x000000069b400000, 0x000000069b800000, 0x000000069b800000|100%| O|  |TAMS 0x000000069b800000, 0x000000069b400000| Untracked 
| 110|0x000000069b800000, 0x000000069bc00000, 0x000000069bc00000|100%| O|  |TAMS 0x000000069bc00000, 0x000000069b800000| Untracked 
| 111|0x000000069bc00000, 0x000000069c000000, 0x000000069c000000|100%| O|  |TAMS 0x000000069c000000, 0x000000069bc00000| Untracked 
| 112|0x000000069c000000, 0x000000069c400000, 0x000000069c400000|100%| O|  |TAMS 0x000000069c400000, 0x000000069c000000| Untracked 
| 113|0x000000069c400000, 0x000000069c800000, 0x000000069c800000|100%| O|  |TAMS 0x000000069c800000, 0x000000069c400000| Untracked 
| 114|0x000000069c800000, 0x000000069cc00000, 0x000000069cc00000|100%| O|  |TAMS 0x000000069cc00000, 0x000000069c800000| Untracked 
| 115|0x000000069cc00000, 0x000000069d000000, 0x000000069d000000|100%|HS|  |TAMS 0x000000069d000000, 0x000000069cc00000| Complete 
| 116|0x000000069d000000, 0x000000069d400000, 0x000000069d400000|100%| O|  |TAMS 0x000000069d400000, 0x000000069d000000| Untracked 
| 117|0x000000069d400000, 0x000000069d800000, 0x000000069d800000|100%| O|  |TAMS 0x000000069d800000, 0x000000069d400000| Untracked 
| 118|0x000000069d800000, 0x000000069dc00000, 0x000000069dc00000|100%| O|  |TAMS 0x000000069dc00000, 0x000000069d800000| Untracked 
| 119|0x000000069dc00000, 0x000000069e000000, 0x000000069e000000|100%| O|  |TAMS 0x000000069e000000, 0x000000069dc00000| Untracked 
| 120|0x000000069e000000, 0x000000069e400000, 0x000000069e400000|100%| O|  |TAMS 0x000000069e400000, 0x000000069e000000| Untracked 
| 121|0x000000069e400000, 0x000000069e800000, 0x000000069e800000|100%| O|  |TAMS 0x000000069e800000, 0x000000069e400000| Untracked 
| 122|0x000000069e800000, 0x000000069ec00000, 0x000000069ec00000|100%| O|  |TAMS 0x000000069ec00000, 0x000000069e800000| Untracked 
| 123|0x000000069ec00000, 0x000000069f000000, 0x000000069f000000|100%|HS|  |TAMS 0x000000069f000000, 0x000000069ec00000| Complete 
| 124|0x000000069f000000, 0x000000069f400000, 0x000000069f400000|100%|HC|  |TAMS 0x000000069f400000, 0x000000069f000000| Complete 
| 125|0x000000069f400000, 0x000000069f800000, 0x000000069f800000|100%| O|  |TAMS 0x000000069f800000, 0x000000069f400000| Untracked 
| 126|0x000000069f800000, 0x000000069fc00000, 0x000000069fc00000|100%| O|  |TAMS 0x000000069fc00000, 0x000000069f800000| Untracked 
| 127|0x000000069fc00000, 0x00000006a0000000, 0x00000006a0000000|100%| O|  |TAMS 0x00000006a0000000, 0x000000069fc00000| Untracked 
| 128|0x00000006a0000000, 0x00000006a0400000, 0x00000006a0400000|100%| O|  |TAMS 0x00000006a0400000, 0x00000006a0000000| Untracked 
| 129|0x00000006a0400000, 0x00000006a0800000, 0x00000006a0800000|100%| O|  |TAMS 0x00000006a0800000, 0x00000006a0400000| Untracked 
| 130|0x00000006a0800000, 0x00000006a0c00000, 0x00000006a0c00000|100%| O|  |TAMS 0x00000006a0c00000, 0x00000006a0800000| Untracked 
| 131|0x00000006a0c00000, 0x00000006a1000000, 0x00000006a1000000|100%| O|  |TAMS 0x00000006a1000000, 0x00000006a0c00000| Untracked 
| 132|0x00000006a1000000, 0x00000006a1400000, 0x00000006a1400000|100%| O|  |TAMS 0x00000006a1400000, 0x00000006a1000000| Untracked 
| 133|0x00000006a1400000, 0x00000006a1400000, 0x00000006a1800000|  0%| F|  |TAMS 0x00000006a1400000, 0x00000006a1400000| Untracked 
| 134|0x00000006a1800000, 0x00000006a1c00000, 0x00000006a1c00000|100%| O|  |TAMS 0x00000006a1c00000, 0x00000006a1800000| Untracked 
| 135|0x00000006a1c00000, 0x00000006a2000000, 0x00000006a2000000|100%| O|  |TAMS 0x00000006a2000000, 0x00000006a1c00000| Untracked 
| 136|0x00000006a2000000, 0x00000006a2400000, 0x00000006a2400000|100%| O|  |TAMS 0x00000006a2400000, 0x00000006a2000000| Untracked 
| 137|0x00000006a2400000, 0x00000006a2800000, 0x00000006a2800000|100%| O|  |TAMS 0x00000006a2800000, 0x00000006a2400000| Untracked 
| 138|0x00000006a2800000, 0x00000006a2c00000, 0x00000006a2c00000|100%| O|  |TAMS 0x00000006a2c00000, 0x00000006a2800000| Untracked 
| 139|0x00000006a2c00000, 0x00000006a3000000, 0x00000006a3000000|100%| O|  |TAMS 0x00000006a3000000, 0x00000006a2c00000| Untracked 
| 140|0x00000006a3000000, 0x00000006a3400000, 0x00000006a3400000|100%| O|  |TAMS 0x00000006a3400000, 0x00000006a3000000| Untracked 
| 141|0x00000006a3400000, 0x00000006a3400000, 0x00000006a3800000|  0%| F|  |TAMS 0x00000006a3400000, 0x00000006a3400000| Untracked 
| 142|0x00000006a3800000, 0x00000006a3c00000, 0x00000006a3c00000|100%| O|  |TAMS 0x00000006a3c00000, 0x00000006a3800000| Untracked 
| 143|0x00000006a3c00000, 0x00000006a4000000, 0x00000006a4000000|100%| O|  |TAMS 0x00000006a4000000, 0x00000006a3c00000| Untracked 
| 144|0x00000006a4000000, 0x00000006a4400000, 0x00000006a4400000|100%| O|  |TAMS 0x00000006a4400000, 0x00000006a4000000| Untracked 
| 145|0x00000006a4400000, 0x00000006a4800000, 0x00000006a4800000|100%| O|  |TAMS 0x00000006a4800000, 0x00000006a4400000| Untracked 
| 146|0x00000006a4800000, 0x00000006a4800000, 0x00000006a4c00000|  0%| F|  |TAMS 0x00000006a4800000, 0x00000006a4800000| Untracked 
| 147|0x00000006a4c00000, 0x00000006a5000000, 0x00000006a5000000|100%| O|  |TAMS 0x00000006a4ca7400, 0x00000006a4c00000| Untracked 
| 148|0x00000006a5000000, 0x00000006a5000000, 0x00000006a5400000|  0%| F|  |TAMS 0x00000006a5000000, 0x00000006a5000000| Untracked 
| 149|0x00000006a5400000, 0x00000006a5800000, 0x00000006a5800000|100%| O|  |TAMS 0x00000006a5800000, 0x00000006a5400000| Untracked 
| 150|0x00000006a5800000, 0x00000006a5c00000, 0x00000006a5c00000|100%| O|  |TAMS 0x00000006a5c00000, 0x00000006a5800000| Untracked 
| 151|0x00000006a5c00000, 0x00000006a6000000, 0x00000006a6000000|100%| O|  |TAMS 0x00000006a6000000, 0x00000006a5c00000| Untracked 
| 152|0x00000006a6000000, 0x00000006a6400000, 0x00000006a6400000|100%| O|  |TAMS 0x00000006a6000000, 0x00000006a6000000| Untracked 
| 153|0x00000006a6400000, 0x00000006a6800000, 0x00000006a6800000|100%| O|  |TAMS 0x00000006a6400000, 0x00000006a6400000| Untracked 
| 154|0x00000006a6800000, 0x00000006a6c00000, 0x00000006a6c00000|100%| O|  |TAMS 0x00000006a6c00000, 0x00000006a6800000| Untracked 
| 155|0x00000006a6c00000, 0x00000006a7000000, 0x00000006a7000000|100%| O|  |TAMS 0x00000006a7000000, 0x00000006a6c00000| Untracked 
| 156|0x00000006a7000000, 0x00000006a7400000, 0x00000006a7400000|100%| O|  |TAMS 0x00000006a7400000, 0x00000006a7000000| Untracked 
| 157|0x00000006a7400000, 0x00000006a7800000, 0x00000006a7800000|100%| O|  |TAMS 0x00000006a7800000, 0x00000006a7400000| Untracked 
| 158|0x00000006a7800000, 0x00000006a7c00000, 0x00000006a7c00000|100%| O|  |TAMS 0x00000006a7c00000, 0x00000006a7800000| Untracked 
| 159|0x00000006a7c00000, 0x00000006a8000000, 0x00000006a8000000|100%| O|  |TAMS 0x00000006a8000000, 0x00000006a7c00000| Untracked 
| 160|0x00000006a8000000, 0x00000006a8400000, 0x00000006a8400000|100%| O|  |TAMS 0x00000006a8400000, 0x00000006a8000000| Untracked 
| 161|0x00000006a8400000, 0x00000006a8800000, 0x00000006a8800000|100%| O|  |TAMS 0x00000006a8800000, 0x00000006a8400000| Untracked 
| 162|0x00000006a8800000, 0x00000006a8c00000, 0x00000006a8c00000|100%| O|  |TAMS 0x00000006a8c00000, 0x00000006a8800000| Untracked 
| 163|0x00000006a8c00000, 0x00000006a9000000, 0x00000006a9000000|100%|HS|  |TAMS 0x00000006a9000000, 0x00000006a8c00000| Complete 
| 164|0x00000006a9000000, 0x00000006a9400000, 0x00000006a9400000|100%| O|  |TAMS 0x00000006a9400000, 0x00000006a9000000| Untracked 
| 165|0x00000006a9400000, 0x00000006a9800000, 0x00000006a9800000|100%| O|  |TAMS 0x00000006a9800000, 0x00000006a9400000| Untracked 
| 166|0x00000006a9800000, 0x00000006a9c00000, 0x00000006a9c00000|100%| O|  |TAMS 0x00000006a9800000, 0x00000006a9800000| Untracked 
| 167|0x00000006a9c00000, 0x00000006aa000000, 0x00000006aa000000|100%| O|  |TAMS 0x00000006aa000000, 0x00000006a9c00000| Untracked 
| 168|0x00000006aa000000, 0x00000006aa400000, 0x00000006aa400000|100%| O|  |TAMS 0x00000006aa400000, 0x00000006aa000000| Untracked 
| 169|0x00000006aa400000, 0x00000006aa800000, 0x00000006aa800000|100%| O|  |TAMS 0x00000006aa800000, 0x00000006aa400000| Untracked 
| 170|0x00000006aa800000, 0x00000006aac00000, 0x00000006aac00000|100%| O|  |TAMS 0x00000006aac00000, 0x00000006aa800000| Untracked 
| 171|0x00000006aac00000, 0x00000006ab000000, 0x00000006ab000000|100%| O|  |TAMS 0x00000006ab000000, 0x00000006aac00000| Untracked 
| 172|0x00000006ab000000, 0x00000006ab400000, 0x00000006ab400000|100%| O|  |TAMS 0x00000006ab400000, 0x00000006ab000000| Untracked 
| 173|0x00000006ab400000, 0x00000006ab800000, 0x00000006ab800000|100%| O|  |TAMS 0x00000006ab800000, 0x00000006ab400000| Untracked 
| 174|0x00000006ab800000, 0x00000006abc00000, 0x00000006abc00000|100%| O|  |TAMS 0x00000006abc00000, 0x00000006ab800000| Untracked 
| 175|0x00000006abc00000, 0x00000006ac000000, 0x00000006ac000000|100%| O|  |TAMS 0x00000006ac000000, 0x00000006abc00000| Untracked 
| 176|0x00000006ac000000, 0x00000006ac400000, 0x00000006ac400000|100%| O|  |TAMS 0x00000006ac000000, 0x00000006ac000000| Untracked 
| 177|0x00000006ac400000, 0x00000006ac800000, 0x00000006ac800000|100%| O|  |TAMS 0x00000006ac800000, 0x00000006ac400000| Untracked 
| 178|0x00000006ac800000, 0x00000006acc00000, 0x00000006acc00000|100%| O|  |TAMS 0x00000006acc00000, 0x00000006ac800000| Untracked 
| 179|0x00000006acc00000, 0x00000006ad000000, 0x00000006ad000000|100%| O|  |TAMS 0x00000006acc00000, 0x00000006acc00000| Untracked 
| 180|0x00000006ad000000, 0x00000006ad400000, 0x00000006ad400000|100%| O|  |TAMS 0x00000006ad400000, 0x00000006ad000000| Untracked 
| 181|0x00000006ad400000, 0x00000006ad800000, 0x00000006ad800000|100%| O|  |TAMS 0x00000006ad800000, 0x00000006ad400000| Untracked 
| 182|0x00000006ad800000, 0x00000006adc00000, 0x00000006adc00000|100%| O|  |TAMS 0x00000006adc00000, 0x00000006ad800000| Untracked 
| 183|0x00000006adc00000, 0x00000006ae000000, 0x00000006ae000000|100%| O|  |TAMS 0x00000006ae000000, 0x00000006adc00000| Untracked 
| 184|0x00000006ae000000, 0x00000006ae400000, 0x00000006ae400000|100%| O|  |TAMS 0x00000006ae000000, 0x00000006ae000000| Untracked 
| 185|0x00000006ae400000, 0x00000006ae800000, 0x00000006ae800000|100%| O|  |TAMS 0x00000006ae400000, 0x00000006ae400000| Untracked 
| 186|0x00000006ae800000, 0x00000006aec00000, 0x00000006aec00000|100%| O|  |TAMS 0x00000006ae800000, 0x00000006ae800000| Untracked 
| 187|0x00000006aec00000, 0x00000006af000000, 0x00000006af000000|100%| O|  |TAMS 0x00000006af000000, 0x00000006aec00000| Untracked 
| 188|0x00000006af000000, 0x00000006af400000, 0x00000006af400000|100%| O|  |TAMS 0x00000006af000000, 0x00000006af000000| Untracked 
| 189|0x00000006af400000, 0x00000006af800000, 0x00000006af800000|100%| O|  |TAMS 0x00000006af400000, 0x00000006af400000| Untracked 
| 190|0x00000006af800000, 0x00000006afc00000, 0x00000006afc00000|100%| O|  |TAMS 0x00000006af800000, 0x00000006af800000| Untracked 
| 191|0x00000006afc00000, 0x00000006b0000000, 0x00000006b0000000|100%| O|  |TAMS 0x00000006afc00000, 0x00000006afc00000| Untracked 
| 192|0x00000006b0000000, 0x00000006b0400000, 0x00000006b0400000|100%| O|  |TAMS 0x00000006b0000000, 0x00000006b0000000| Untracked 
| 193|0x00000006b0400000, 0x00000006b0800000, 0x00000006b0800000|100%| O|  |TAMS 0x00000006b0400000, 0x00000006b0400000| Untracked 
| 194|0x00000006b0800000, 0x00000006b0c00000, 0x00000006b0c00000|100%| O|  |TAMS 0x00000006b0800000, 0x00000006b0800000| Untracked 
| 195|0x00000006b0c00000, 0x00000006b1000000, 0x00000006b1000000|100%| O|  |TAMS 0x00000006b0c00000, 0x00000006b0c00000| Untracked 
| 196|0x00000006b1000000, 0x00000006b1400000, 0x00000006b1400000|100%| O|  |TAMS 0x00000006b1400000, 0x00000006b1000000| Untracked 
| 197|0x00000006b1400000, 0x00000006b1800000, 0x00000006b1800000|100%| O|  |TAMS 0x00000006b1400000, 0x00000006b1400000| Untracked 
| 198|0x00000006b1800000, 0x00000006b1c00000, 0x00000006b1c00000|100%| O|  |TAMS 0x00000006b1800000, 0x00000006b1800000| Untracked 
| 199|0x00000006b1c00000, 0x00000006b2000000, 0x00000006b2000000|100%| O|  |TAMS 0x00000006b1c00000, 0x00000006b1c00000| Untracked 
| 200|0x00000006b2000000, 0x00000006b2400000, 0x00000006b2400000|100%| O|  |TAMS 0x00000006b2000000, 0x00000006b2000000| Untracked 
| 201|0x00000006b2400000, 0x00000006b2800000, 0x00000006b2800000|100%| O|  |TAMS 0x00000006b2800000, 0x00000006b2400000| Untracked 
| 202|0x00000006b2800000, 0x00000006b2c00000, 0x00000006b2c00000|100%| O|  |TAMS 0x00000006b2800000, 0x00000006b2800000| Untracked 
| 203|0x00000006b2c00000, 0x00000006b3000000, 0x00000006b3000000|100%| O|  |TAMS 0x00000006b3000000, 0x00000006b2c00000| Untracked 
| 204|0x00000006b3000000, 0x00000006b3400000, 0x00000006b3400000|100%| O|  |TAMS 0x00000006b3000000, 0x00000006b3000000| Untracked 
| 205|0x00000006b3400000, 0x00000006b3800000, 0x00000006b3800000|100%| O|  |TAMS 0x00000006b3400000, 0x00000006b3400000| Untracked 
| 206|0x00000006b3800000, 0x00000006b3c00000, 0x00000006b3c00000|100%| O|  |TAMS 0x00000006b3800000, 0x00000006b3800000| Untracked 
| 207|0x00000006b3c00000, 0x00000006b4000000, 0x00000006b4000000|100%| O|  |TAMS 0x00000006b3c00000, 0x00000006b3c00000| Untracked 
| 208|0x00000006b4000000, 0x00000006b4400000, 0x00000006b4400000|100%| O|  |TAMS 0x00000006b4400000, 0x00000006b4000000| Untracked 
| 209|0x00000006b4400000, 0x00000006b4800000, 0x00000006b4800000|100%| O|  |TAMS 0x00000006b4800000, 0x00000006b4400000| Untracked 
| 210|0x00000006b4800000, 0x00000006b4c00000, 0x00000006b4c00000|100%| O|  |TAMS 0x00000006b4c00000, 0x00000006b4800000| Untracked 
| 211|0x00000006b4c00000, 0x00000006b5000000, 0x00000006b5000000|100%| O|  |TAMS 0x00000006b4c00000, 0x00000006b4c00000| Untracked 
| 212|0x00000006b5000000, 0x00000006b5400000, 0x00000006b5400000|100%| O|  |TAMS 0x00000006b5000000, 0x00000006b5000000| Untracked 
| 213|0x00000006b5400000, 0x00000006b5800000, 0x00000006b5800000|100%| O|  |TAMS 0x00000006b5400000, 0x00000006b5400000| Untracked 
| 214|0x00000006b5800000, 0x00000006b5c00000, 0x00000006b5c00000|100%| O|  |TAMS 0x00000006b5800000, 0x00000006b5800000| Untracked 
| 215|0x00000006b5c00000, 0x00000006b6000000, 0x00000006b6000000|100%| O|  |TAMS 0x00000006b5c00000, 0x00000006b5c00000| Untracked 
| 216|0x00000006b6000000, 0x00000006b6400000, 0x00000006b6400000|100%| O|  |TAMS 0x00000006b6000000, 0x00000006b6000000| Untracked 
| 217|0x00000006b6400000, 0x00000006b6800000, 0x00000006b6800000|100%| O|  |TAMS 0x00000006b6400000, 0x00000006b6400000| Untracked 
| 218|0x00000006b6800000, 0x00000006b6c00000, 0x00000006b6c00000|100%| O|  |TAMS 0x00000006b6800000, 0x00000006b6800000| Untracked 
| 219|0x00000006b6c00000, 0x00000006b7000000, 0x00000006b7000000|100%| O|  |TAMS 0x00000006b6c00000, 0x00000006b6c00000| Untracked 
| 220|0x00000006b7000000, 0x00000006b7400000, 0x00000006b7400000|100%| O|  |TAMS 0x00000006b7000000, 0x00000006b7000000| Untracked 
| 221|0x00000006b7400000, 0x00000006b7800000, 0x00000006b7800000|100%| O|  |TAMS 0x00000006b7400000, 0x00000006b7400000| Untracked 
| 222|0x00000006b7800000, 0x00000006b7c00000, 0x00000006b7c00000|100%| O|  |TAMS 0x00000006b7800000, 0x00000006b7800000| Untracked 
| 223|0x00000006b7c00000, 0x00000006b8000000, 0x00000006b8000000|100%| O|  |TAMS 0x00000006b7c00000, 0x00000006b7c00000| Untracked 
| 224|0x00000006b8000000, 0x00000006b8400000, 0x00000006b8400000|100%| O|  |TAMS 0x00000006b8000000, 0x00000006b8000000| Untracked 
| 225|0x00000006b8400000, 0x00000006b8800000, 0x00000006b8800000|100%| O|  |TAMS 0x00000006b8400000, 0x00000006b8400000| Untracked 
| 226|0x00000006b8800000, 0x00000006b8c00000, 0x00000006b8c00000|100%| O|  |TAMS 0x00000006b8800000, 0x00000006b8800000| Untracked 
| 227|0x00000006b8c00000, 0x00000006b9000000, 0x00000006b9000000|100%| O|  |TAMS 0x00000006b8c00000, 0x00000006b8c00000| Untracked 
| 228|0x00000006b9000000, 0x00000006b9400000, 0x00000006b9400000|100%| O|  |TAMS 0x00000006b9400000, 0x00000006b9000000| Untracked 
| 229|0x00000006b9400000, 0x00000006b9800000, 0x00000006b9800000|100%| O|  |TAMS 0x00000006b9400000, 0x00000006b9400000| Untracked 
| 230|0x00000006b9800000, 0x00000006b9c00000, 0x00000006b9c00000|100%| O|  |TAMS 0x00000006b9800000, 0x00000006b9800000| Untracked 
| 231|0x00000006b9c00000, 0x00000006ba000000, 0x00000006ba000000|100%| O|  |TAMS 0x00000006b9c00000, 0x00000006b9c00000| Untracked 
| 232|0x00000006ba000000, 0x00000006ba400000, 0x00000006ba400000|100%| O|  |TAMS 0x00000006ba000000, 0x00000006ba000000| Untracked 
| 233|0x00000006ba400000, 0x00000006ba800000, 0x00000006ba800000|100%| O|  |TAMS 0x00000006ba400000, 0x00000006ba400000| Untracked 
| 234|0x00000006ba800000, 0x00000006bac00000, 0x00000006bac00000|100%| O|  |TAMS 0x00000006ba800000, 0x00000006ba800000| Untracked 
| 235|0x00000006bac00000, 0x00000006bb000000, 0x00000006bb000000|100%| O|  |TAMS 0x00000006bac00000, 0x00000006bac00000| Untracked 
| 236|0x00000006bb000000, 0x00000006bb400000, 0x00000006bb400000|100%| O|  |TAMS 0x00000006bb000000, 0x00000006bb000000| Untracked 
| 237|0x00000006bb400000, 0x00000006bb800000, 0x00000006bb800000|100%| O|  |TAMS 0x00000006bb400000, 0x00000006bb400000| Untracked 
| 238|0x00000006bb800000, 0x00000006bbc00000, 0x00000006bbc00000|100%| O|  |TAMS 0x00000006bb800000, 0x00000006bb800000| Untracked 
| 239|0x00000006bbc00000, 0x00000006bc000000, 0x00000006bc000000|100%| O|  |TAMS 0x00000006bbc00000, 0x00000006bbc00000| Untracked 
| 240|0x00000006bc000000, 0x00000006bc400000, 0x00000006bc400000|100%| O|  |TAMS 0x00000006bc000000, 0x00000006bc000000| Untracked 
| 241|0x00000006bc400000, 0x00000006bc400000, 0x00000006bc800000|  0%| F|  |TAMS 0x00000006bc400000, 0x00000006bc400000| Untracked 
| 242|0x00000006bc800000, 0x00000006bcaae400, 0x00000006bcc00000| 67%| O|  |TAMS 0x00000006bc800000, 0x00000006bc800000| Untracked 
| 243|0x00000006bcc00000, 0x00000006bcc00000, 0x00000006bd000000|  0%| F|  |TAMS 0x00000006bcc00000, 0x00000006bcc00000| Untracked 
| 244|0x00000006bd000000, 0x00000006bd000000, 0x00000006bd400000|  0%| F|  |TAMS 0x00000006bd000000, 0x00000006bd000000| Untracked 
| 245|0x00000006bd400000, 0x00000006bd400000, 0x00000006bd800000|  0%| F|  |TAMS 0x00000006bd400000, 0x00000006bd400000| Untracked 
| 246|0x00000006bd800000, 0x00000006bd800000, 0x00000006bdc00000|  0%| F|  |TAMS 0x00000006bd800000, 0x00000006bd800000| Untracked 
| 247|0x00000006bdc00000, 0x00000006bdc00000, 0x00000006be000000|  0%| F|  |TAMS 0x00000006bdc00000, 0x00000006bdc00000| Untracked 
| 248|0x00000006be000000, 0x00000006be000000, 0x00000006be400000|  0%| F|  |TAMS 0x00000006be000000, 0x00000006be000000| Untracked 
| 249|0x00000006be400000, 0x00000006be400000, 0x00000006be800000|  0%| F|  |TAMS 0x00000006be400000, 0x00000006be400000| Untracked 
| 250|0x00000006be800000, 0x00000006bec00000, 0x00000006bec00000|100%| O|  |TAMS 0x00000006bec00000, 0x00000006be800000| Untracked 
| 251|0x00000006bec00000, 0x00000006bec00000, 0x00000006bf000000|  0%| F|  |TAMS 0x00000006bec00000, 0x00000006bec00000| Untracked 
| 252|0x00000006bf000000, 0x00000006bf400000, 0x00000006bf400000|100%| O|  |TAMS 0x00000006bf400000, 0x00000006bf000000| Untracked 
| 253|0x00000006bf400000, 0x00000006bf800000, 0x00000006bf800000|100%| O|  |TAMS 0x00000006bf800000, 0x00000006bf400000| Untracked 
| 254|0x00000006bf800000, 0x00000006bf800000, 0x00000006bfc00000|  0%| F|  |TAMS 0x00000006bf800000, 0x00000006bf800000| Untracked 
| 255|0x00000006bfc00000, 0x00000006bfc00000, 0x00000006c0000000|  0%| F|  |TAMS 0x00000006bfc00000, 0x00000006bfc00000| Untracked 
| 256|0x00000006c0000000, 0x00000006c0000000, 0x00000006c0400000|  0%| F|  |TAMS 0x00000006c0000000, 0x00000006c0000000| Untracked 
| 257|0x00000006c0400000, 0x00000006c0400000, 0x00000006c0800000|  0%| F|  |TAMS 0x00000006c0400000, 0x00000006c0400000| Untracked 
| 258|0x00000006c0800000, 0x00000006c0c00000, 0x00000006c0c00000|100%| O|  |TAMS 0x00000006c0c00000, 0x00000006c0800000| Untracked 
| 259|0x00000006c0c00000, 0x00000006c0c00000, 0x00000006c1000000|  0%| F|  |TAMS 0x00000006c0c00000, 0x00000006c0c00000| Untracked 
| 260|0x00000006c1000000, 0x00000006c1400000, 0x00000006c1400000|100%| O|  |TAMS 0x00000006c1400000, 0x00000006c1000000| Untracked 
| 261|0x00000006c1400000, 0x00000006c1400000, 0x00000006c1800000|  0%| F|  |TAMS 0x00000006c1400000, 0x00000006c1400000| Untracked 
| 262|0x00000006c1800000, 0x00000006c1c00000, 0x00000006c1c00000|100%| O|  |TAMS 0x00000006c1c00000, 0x00000006c1800000| Untracked 
| 263|0x00000006c1c00000, 0x00000006c2000000, 0x00000006c2000000|100%| O|  |TAMS 0x00000006c2000000, 0x00000006c1c00000| Untracked 
| 264|0x00000006c2000000, 0x00000006c2400000, 0x00000006c2400000|100%| O|  |TAMS 0x00000006c2400000, 0x00000006c2000000| Untracked 
| 265|0x00000006c2400000, 0x00000006c2800000, 0x00000006c2800000|100%| O|  |TAMS 0x00000006c2800000, 0x00000006c2400000| Untracked 
| 266|0x00000006c2800000, 0x00000006c2800000, 0x00000006c2c00000|  0%| F|  |TAMS 0x00000006c2800000, 0x00000006c2800000| Untracked 
| 267|0x00000006c2c00000, 0x00000006c3000000, 0x00000006c3000000|100%| O|  |TAMS 0x00000006c3000000, 0x00000006c2c00000| Untracked 
| 268|0x00000006c3000000, 0x00000006c3400000, 0x00000006c3400000|100%| O|  |TAMS 0x00000006c3400000, 0x00000006c3000000| Untracked 
| 269|0x00000006c3400000, 0x00000006c3400000, 0x00000006c3800000|  0%| F|  |TAMS 0x00000006c3400000, 0x00000006c3400000| Untracked 
| 270|0x00000006c3800000, 0x00000006c3800000, 0x00000006c3c00000|  0%| F|  |TAMS 0x00000006c3800000, 0x00000006c3800000| Untracked 
| 271|0x00000006c3c00000, 0x00000006c3c00000, 0x00000006c4000000|  0%| F|  |TAMS 0x00000006c3c00000, 0x00000006c3c00000| Untracked 
| 272|0x00000006c4000000, 0x00000006c4000000, 0x00000006c4400000|  0%| F|  |TAMS 0x00000006c4000000, 0x00000006c4000000| Untracked 
| 273|0x00000006c4400000, 0x00000006c4800000, 0x00000006c4800000|100%| O|  |TAMS 0x00000006c4800000, 0x00000006c4400000| Untracked 
| 274|0x00000006c4800000, 0x00000006c4800000, 0x00000006c4c00000|  0%| F|  |TAMS 0x00000006c4800000, 0x00000006c4800000| Untracked 
| 275|0x00000006c4c00000, 0x00000006c4c00000, 0x00000006c5000000|  0%| F|  |TAMS 0x00000006c4c00000, 0x00000006c4c00000| Untracked 
| 276|0x00000006c5000000, 0x00000006c5000000, 0x00000006c5400000|  0%| F|  |TAMS 0x00000006c5000000, 0x00000006c5000000| Untracked 
| 277|0x00000006c5400000, 0x00000006c5400000, 0x00000006c5800000|  0%| F|  |TAMS 0x00000006c5400000, 0x00000006c5400000| Untracked 
| 278|0x00000006c5800000, 0x00000006c5800000, 0x00000006c5c00000|  0%| F|  |TAMS 0x00000006c5800000, 0x00000006c5800000| Untracked 
| 279|0x00000006c5c00000, 0x00000006c5c00000, 0x00000006c6000000|  0%| F|  |TAMS 0x00000006c5c00000, 0x00000006c5c00000| Untracked 
| 280|0x00000006c6000000, 0x00000006c6000000, 0x00000006c6400000|  0%| F|  |TAMS 0x00000006c6000000, 0x00000006c6000000| Untracked 
| 281|0x00000006c6400000, 0x00000006c6400000, 0x00000006c6800000|  0%| F|  |TAMS 0x00000006c6400000, 0x00000006c6400000| Untracked 
| 282|0x00000006c6800000, 0x00000006c6800000, 0x00000006c6c00000|  0%| F|  |TAMS 0x00000006c6800000, 0x00000006c6800000| Untracked 
| 283|0x00000006c6c00000, 0x00000006c6c00000, 0x00000006c7000000|  0%| F|  |TAMS 0x00000006c6c00000, 0x00000006c6c00000| Untracked 
| 284|0x00000006c7000000, 0x00000006c7000000, 0x00000006c7400000|  0%| F|  |TAMS 0x00000006c7000000, 0x00000006c7000000| Untracked 
| 285|0x00000006c7400000, 0x00000006c7400000, 0x00000006c7800000|  0%| F|  |TAMS 0x00000006c7400000, 0x00000006c7400000| Untracked 
| 286|0x00000006c7800000, 0x00000006c7800000, 0x00000006c7c00000|  0%| F|  |TAMS 0x00000006c7800000, 0x00000006c7800000| Untracked 
| 287|0x00000006c7c00000, 0x00000006c7c00000, 0x00000006c8000000|  0%| F|  |TAMS 0x00000006c7c00000, 0x00000006c7c00000| Untracked 
| 288|0x00000006c8000000, 0x00000006c8000000, 0x00000006c8400000|  0%| F|  |TAMS 0x00000006c8000000, 0x00000006c8000000| Untracked 
| 289|0x00000006c8400000, 0x00000006c8400000, 0x00000006c8800000|  0%| F|  |TAMS 0x00000006c8400000, 0x00000006c8400000| Untracked 
| 290|0x00000006c8800000, 0x00000006c8800000, 0x00000006c8c00000|  0%| F|  |TAMS 0x00000006c8800000, 0x00000006c8800000| Untracked 
| 291|0x00000006c8c00000, 0x00000006c8c00000, 0x00000006c9000000|  0%| F|  |TAMS 0x00000006c8c00000, 0x00000006c8c00000| Untracked 
| 292|0x00000006c9000000, 0x00000006c9000000, 0x00000006c9400000|  0%| F|  |TAMS 0x00000006c9000000, 0x00000006c9000000| Untracked 
| 293|0x00000006c9400000, 0x00000006c9400000, 0x00000006c9800000|  0%| F|  |TAMS 0x00000006c9400000, 0x00000006c9400000| Untracked 
| 294|0x00000006c9800000, 0x00000006c9800000, 0x00000006c9c00000|  0%| F|  |TAMS 0x00000006c9800000, 0x00000006c9800000| Untracked 
| 295|0x00000006c9c00000, 0x00000006c9c00000, 0x00000006ca000000|  0%| F|  |TAMS 0x00000006c9c00000, 0x00000006c9c00000| Untracked 
| 296|0x00000006ca000000, 0x00000006ca000000, 0x00000006ca400000|  0%| F|  |TAMS 0x00000006ca000000, 0x00000006ca000000| Untracked 
| 297|0x00000006ca400000, 0x00000006ca400000, 0x00000006ca800000|  0%| F|  |TAMS 0x00000006ca400000, 0x00000006ca400000| Untracked 
| 298|0x00000006ca800000, 0x00000006cac00000, 0x00000006cac00000|100%| O|  |TAMS 0x00000006cac00000, 0x00000006ca800000| Untracked 
| 299|0x00000006cac00000, 0x00000006cb000000, 0x00000006cb000000|100%| O|  |TAMS 0x00000006cb000000, 0x00000006cac00000| Untracked 
| 300|0x00000006cb000000, 0x00000006cb400000, 0x00000006cb400000|100%| O|  |TAMS 0x00000006cb400000, 0x00000006cb000000| Untracked 
| 301|0x00000006cb400000, 0x00000006cb800000, 0x00000006cb800000|100%| O|  |TAMS 0x00000006cb800000, 0x00000006cb400000| Untracked 
| 302|0x00000006cb800000, 0x00000006cbc00000, 0x00000006cbc00000|100%| O|  |TAMS 0x00000006cbc00000, 0x00000006cb800000| Untracked 
| 303|0x00000006cbc00000, 0x00000006cc000000, 0x00000006cc000000|100%| O|  |TAMS 0x00000006cc000000, 0x00000006cbc00000| Untracked 
| 304|0x00000006cc000000, 0x00000006cc400000, 0x00000006cc400000|100%| O|  |TAMS 0x00000006cc400000, 0x00000006cc000000| Untracked 
| 305|0x00000006cc400000, 0x00000006cc800000, 0x00000006cc800000|100%| O|  |TAMS 0x00000006cc800000, 0x00000006cc400000| Untracked 
| 306|0x00000006cc800000, 0x00000006ccc00000, 0x00000006ccc00000|100%| O|  |TAMS 0x00000006ccc00000, 0x00000006cc800000| Untracked 
| 307|0x00000006ccc00000, 0x00000006cd000000, 0x00000006cd000000|100%| O|  |TAMS 0x00000006cd000000, 0x00000006ccc00000| Untracked 
| 308|0x00000006cd000000, 0x00000006cd400000, 0x00000006cd400000|100%| O|  |TAMS 0x00000006cd400000, 0x00000006cd000000| Untracked 
| 309|0x00000006cd400000, 0x00000006cd400000, 0x00000006cd800000|  0%| F|  |TAMS 0x00000006cd400000, 0x00000006cd400000| Untracked 
| 310|0x00000006cd800000, 0x00000006cd800000, 0x00000006cdc00000|  0%| F|  |TAMS 0x00000006cd800000, 0x00000006cd800000| Untracked 
| 311|0x00000006cdc00000, 0x00000006cdc00000, 0x00000006ce000000|  0%| F|  |TAMS 0x00000006cdc00000, 0x00000006cdc00000| Untracked 
| 312|0x00000006ce000000, 0x00000006ce400000, 0x00000006ce400000|100%| O|  |TAMS 0x00000006ce400000, 0x00000006ce000000| Untracked 
| 313|0x00000006ce400000, 0x00000006ce800000, 0x00000006ce800000|100%| O|  |TAMS 0x00000006ce800000, 0x00000006ce400000| Untracked 
| 314|0x00000006ce800000, 0x00000006cec00000, 0x00000006cec00000|100%| O|  |TAMS 0x00000006cec00000, 0x00000006ce800000| Untracked 
| 315|0x00000006cec00000, 0x00000006cf000000, 0x00000006cf000000|100%| O|  |TAMS 0x00000006cf000000, 0x00000006cec00000| Untracked 
| 316|0x00000006cf000000, 0x00000006cf400000, 0x00000006cf400000|100%| O|  |TAMS 0x00000006cf400000, 0x00000006cf000000| Untracked 
| 317|0x00000006cf400000, 0x00000006cf400000, 0x00000006cf800000|  0%| F|  |TAMS 0x00000006cf400000, 0x00000006cf400000| Untracked 
| 318|0x00000006cf800000, 0x00000006cf800000, 0x00000006cfc00000|  0%| F|  |TAMS 0x00000006cf800000, 0x00000006cf800000| Untracked 
| 319|0x00000006cfc00000, 0x00000006cfc00000, 0x00000006d0000000|  0%| F|  |TAMS 0x00000006cfc00000, 0x00000006cfc00000| Untracked 
| 320|0x00000006d0000000, 0x00000006d0000000, 0x00000006d0400000|  0%| F|  |TAMS 0x00000006d0000000, 0x00000006d0000000| Untracked 
| 321|0x00000006d0400000, 0x00000006d0400000, 0x00000006d0800000|  0%| F|  |TAMS 0x00000006d0400000, 0x00000006d0400000| Untracked 
| 322|0x00000006d0800000, 0x00000006d0800000, 0x00000006d0c00000|  0%| F|  |TAMS 0x00000006d0800000, 0x00000006d0800000| Untracked 
| 323|0x00000006d0c00000, 0x00000006d0c00000, 0x00000006d1000000|  0%| F|  |TAMS 0x00000006d0c00000, 0x00000006d0c00000| Untracked 
| 324|0x00000006d1000000, 0x00000006d1400000, 0x00000006d1400000|100%| O|  |TAMS 0x00000006d1400000, 0x00000006d1000000| Untracked 
| 325|0x00000006d1400000, 0x00000006d1800000, 0x00000006d1800000|100%| O|  |TAMS 0x00000006d1800000, 0x00000006d1400000| Untracked 
| 326|0x00000006d1800000, 0x00000006d1c00000, 0x00000006d1c00000|100%| O|  |TAMS 0x00000006d1c00000, 0x00000006d1800000| Untracked 
| 327|0x00000006d1c00000, 0x00000006d2000000, 0x00000006d2000000|100%| O|  |TAMS 0x00000006d2000000, 0x00000006d1c00000| Untracked 
| 328|0x00000006d2000000, 0x00000006d2400000, 0x00000006d2400000|100%| O|  |TAMS 0x00000006d2400000, 0x00000006d2000000| Untracked 
| 329|0x00000006d2400000, 0x00000006d2800000, 0x00000006d2800000|100%| O|  |TAMS 0x00000006d2800000, 0x00000006d2400000| Untracked 
| 330|0x00000006d2800000, 0x00000006d2c00000, 0x00000006d2c00000|100%| O|  |TAMS 0x00000006d2c00000, 0x00000006d2800000| Untracked 
| 331|0x00000006d2c00000, 0x00000006d3000000, 0x00000006d3000000|100%| O|  |TAMS 0x00000006d3000000, 0x00000006d2c00000| Untracked 
| 332|0x00000006d3000000, 0x00000006d3000000, 0x00000006d3400000|  0%| F|  |TAMS 0x00000006d3000000, 0x00000006d3000000| Untracked 
| 333|0x00000006d3400000, 0x00000006d3800000, 0x00000006d3800000|100%| O|  |TAMS 0x00000006d3800000, 0x00000006d3400000| Untracked 
| 334|0x00000006d3800000, 0x00000006d3c00000, 0x00000006d3c00000|100%| O|  |TAMS 0x00000006d3c00000, 0x00000006d3800000| Untracked 
| 335|0x00000006d3c00000, 0x00000006d4000000, 0x00000006d4000000|100%| O|  |TAMS 0x00000006d4000000, 0x00000006d3c00000| Untracked 
| 336|0x00000006d4000000, 0x00000006d4400000, 0x00000006d4400000|100%| O|  |TAMS 0x00000006d4400000, 0x00000006d4000000| Untracked 
| 337|0x00000006d4400000, 0x00000006d4800000, 0x00000006d4800000|100%| O|  |TAMS 0x00000006d4800000, 0x00000006d4400000| Untracked 
| 338|0x00000006d4800000, 0x00000006d4c00000, 0x00000006d4c00000|100%| O|  |TAMS 0x00000006d4c00000, 0x00000006d4800000| Untracked 
| 339|0x00000006d4c00000, 0x00000006d5000000, 0x00000006d5000000|100%| O|  |TAMS 0x00000006d5000000, 0x00000006d4c00000| Untracked 
| 340|0x00000006d5000000, 0x00000006d5400000, 0x00000006d5400000|100%| O|  |TAMS 0x00000006d5400000, 0x00000006d5000000| Untracked 
| 341|0x00000006d5400000, 0x00000006d5800000, 0x00000006d5800000|100%| O|  |TAMS 0x00000006d5800000, 0x00000006d5400000| Untracked 
| 342|0x00000006d5800000, 0x00000006d5c00000, 0x00000006d5c00000|100%| O|  |TAMS 0x00000006d5c00000, 0x00000006d5800000| Untracked 
| 343|0x00000006d5c00000, 0x00000006d6000000, 0x00000006d6000000|100%| O|  |TAMS 0x00000006d6000000, 0x00000006d5c00000| Untracked 
| 344|0x00000006d6000000, 0x00000006d6400000, 0x00000006d6400000|100%| O|  |TAMS 0x00000006d6400000, 0x00000006d6000000| Untracked 
| 345|0x00000006d6400000, 0x00000006d6800000, 0x00000006d6800000|100%| O|  |TAMS 0x00000006d6800000, 0x00000006d6400000| Untracked 
| 346|0x00000006d6800000, 0x00000006d6c00000, 0x00000006d6c00000|100%| O|  |TAMS 0x00000006d6c00000, 0x00000006d6800000| Untracked 
| 347|0x00000006d6c00000, 0x00000006d7000000, 0x00000006d7000000|100%| O|  |TAMS 0x00000006d7000000, 0x00000006d6c00000| Untracked 
| 348|0x00000006d7000000, 0x00000006d7400000, 0x00000006d7400000|100%| O|  |TAMS 0x00000006d7400000, 0x00000006d7000000| Untracked 
| 349|0x00000006d7400000, 0x00000006d7800000, 0x00000006d7800000|100%| O|  |TAMS 0x00000006d7800000, 0x00000006d7400000| Untracked 
| 350|0x00000006d7800000, 0x00000006d7c00000, 0x00000006d7c00000|100%| O|  |TAMS 0x00000006d7c00000, 0x00000006d7800000| Untracked 
| 351|0x00000006d7c00000, 0x00000006d8000000, 0x00000006d8000000|100%| O|  |TAMS 0x00000006d8000000, 0x00000006d7c00000| Untracked 
| 352|0x00000006d8000000, 0x00000006d8400000, 0x00000006d8400000|100%| O|  |TAMS 0x00000006d8400000, 0x00000006d8000000| Untracked 
| 353|0x00000006d8400000, 0x00000006d8800000, 0x00000006d8800000|100%| O|  |TAMS 0x00000006d8800000, 0x00000006d8400000| Untracked 
| 354|0x00000006d8800000, 0x00000006d8c00000, 0x00000006d8c00000|100%| O|  |TAMS 0x00000006d8c00000, 0x00000006d8800000| Untracked 
| 355|0x00000006d8c00000, 0x00000006d9000000, 0x00000006d9000000|100%| O|  |TAMS 0x00000006d9000000, 0x00000006d8c00000| Untracked 
| 356|0x00000006d9000000, 0x00000006d9400000, 0x00000006d9400000|100%| O|  |TAMS 0x00000006d9400000, 0x00000006d9000000| Untracked 
| 357|0x00000006d9400000, 0x00000006d9800000, 0x00000006d9800000|100%| O|  |TAMS 0x00000006d9800000, 0x00000006d9400000| Untracked 
| 358|0x00000006d9800000, 0x00000006d9c00000, 0x00000006d9c00000|100%| O|  |TAMS 0x00000006d9c00000, 0x00000006d9800000| Untracked 
| 359|0x00000006d9c00000, 0x00000006da000000, 0x00000006da000000|100%| O|  |TAMS 0x00000006da000000, 0x00000006d9c00000| Untracked 
| 360|0x00000006da000000, 0x00000006da400000, 0x00000006da400000|100%| O|  |TAMS 0x00000006da400000, 0x00000006da000000| Untracked 
| 361|0x00000006da400000, 0x00000006da400000, 0x00000006da800000|  0%| F|  |TAMS 0x00000006da400000, 0x00000006da400000| Untracked 
| 362|0x00000006da800000, 0x00000006dac00000, 0x00000006dac00000|100%| O|  |TAMS 0x00000006dac00000, 0x00000006da800000| Untracked 
| 363|0x00000006dac00000, 0x00000006db000000, 0x00000006db000000|100%| O|  |TAMS 0x00000006db000000, 0x00000006dac00000| Untracked 
| 364|0x00000006db000000, 0x00000006db000000, 0x00000006db400000|  0%| F|  |TAMS 0x00000006db000000, 0x00000006db000000| Untracked 
| 365|0x00000006db400000, 0x00000006db400000, 0x00000006db800000|  0%| F|  |TAMS 0x00000006db400000, 0x00000006db400000| Untracked 
| 366|0x00000006db800000, 0x00000006dbc00000, 0x00000006dbc00000|100%| O|  |TAMS 0x00000006dbc00000, 0x00000006db800000| Untracked 
| 367|0x00000006dbc00000, 0x00000006dbc00000, 0x00000006dc000000|  0%| F|  |TAMS 0x00000006dbc00000, 0x00000006dbc00000| Untracked 
| 368|0x00000006dc000000, 0x00000006dc400000, 0x00000006dc400000|100%| O|  |TAMS 0x00000006dc400000, 0x00000006dc000000| Untracked 
| 369|0x00000006dc400000, 0x00000006dc800000, 0x00000006dc800000|100%| O|  |TAMS 0x00000006dc800000, 0x00000006dc400000| Untracked 
| 370|0x00000006dc800000, 0x00000006dcc00000, 0x00000006dcc00000|100%| O|  |TAMS 0x00000006dcc00000, 0x00000006dc800000| Untracked 
| 371|0x00000006dcc00000, 0x00000006dd000000, 0x00000006dd000000|100%| O|  |TAMS 0x00000006dd000000, 0x00000006dcc00000| Untracked 
| 372|0x00000006dd000000, 0x00000006dd000000, 0x00000006dd400000|  0%| F|  |TAMS 0x00000006dd000000, 0x00000006dd000000| Untracked 
| 373|0x00000006dd400000, 0x00000006dd400000, 0x00000006dd800000|  0%| F|  |TAMS 0x00000006dd400000, 0x00000006dd400000| Untracked 
| 374|0x00000006dd800000, 0x00000006dd800000, 0x00000006ddc00000|  0%| F|  |TAMS 0x00000006dd800000, 0x00000006dd800000| Untracked 
| 375|0x00000006ddc00000, 0x00000006de000000, 0x00000006de000000|100%| O|  |TAMS 0x00000006de000000, 0x00000006ddc00000| Untracked 
| 376|0x00000006de000000, 0x00000006de400000, 0x00000006de400000|100%| O|  |TAMS 0x00000006de400000, 0x00000006de000000| Untracked 
| 377|0x00000006de400000, 0x00000006de800000, 0x00000006de800000|100%| O|  |TAMS 0x00000006de800000, 0x00000006de400000| Untracked 
| 378|0x00000006de800000, 0x00000006dec00000, 0x00000006dec00000|100%| O|  |TAMS 0x00000006dec00000, 0x00000006de800000| Untracked 
| 379|0x00000006dec00000, 0x00000006df000000, 0x00000006df000000|100%| O|  |TAMS 0x00000006df000000, 0x00000006dec00000| Untracked 
| 380|0x00000006df000000, 0x00000006df400000, 0x00000006df400000|100%| O|  |TAMS 0x00000006df400000, 0x00000006df000000| Untracked 
| 381|0x00000006df400000, 0x00000006df800000, 0x00000006df800000|100%| O|  |TAMS 0x00000006df800000, 0x00000006df400000| Untracked 
| 382|0x00000006df800000, 0x00000006dfc00000, 0x00000006dfc00000|100%| O|  |TAMS 0x00000006dfc00000, 0x00000006df800000| Untracked 
| 383|0x00000006dfc00000, 0x00000006e0000000, 0x00000006e0000000|100%| O|  |TAMS 0x00000006e0000000, 0x00000006dfc00000| Untracked 
| 384|0x00000006e0000000, 0x00000006e0000000, 0x00000006e0400000|  0%| F|  |TAMS 0x00000006e0000000, 0x00000006e0000000| Untracked 
| 385|0x00000006e0400000, 0x00000006e0400000, 0x00000006e0800000|  0%| F|  |TAMS 0x00000006e0400000, 0x00000006e0400000| Untracked 
| 386|0x00000006e0800000, 0x00000006e0c00000, 0x00000006e0c00000|100%| O|  |TAMS 0x00000006e0c00000, 0x00000006e0800000| Untracked 
| 387|0x00000006e0c00000, 0x00000006e1000000, 0x00000006e1000000|100%| O|  |TAMS 0x00000006e1000000, 0x00000006e0c00000| Untracked 
| 388|0x00000006e1000000, 0x00000006e1400000, 0x00000006e1400000|100%| O|  |TAMS 0x00000006e1400000, 0x00000006e1000000| Untracked 
| 389|0x00000006e1400000, 0x00000006e1800000, 0x00000006e1800000|100%| O|  |TAMS 0x00000006e1800000, 0x00000006e1400000| Untracked 
| 390|0x00000006e1800000, 0x00000006e1c00000, 0x00000006e1c00000|100%| O|  |TAMS 0x00000006e1c00000, 0x00000006e1800000| Untracked 
| 391|0x00000006e1c00000, 0x00000006e2000000, 0x00000006e2000000|100%| O|  |TAMS 0x00000006e2000000, 0x00000006e1c00000| Untracked 
| 392|0x00000006e2000000, 0x00000006e2400000, 0x00000006e2400000|100%| O|  |TAMS 0x00000006e2400000, 0x00000006e2000000| Untracked 
| 393|0x00000006e2400000, 0x00000006e2800000, 0x00000006e2800000|100%| O|  |TAMS 0x00000006e2800000, 0x00000006e2400000| Untracked 
| 394|0x00000006e2800000, 0x00000006e2c00000, 0x00000006e2c00000|100%| O|  |TAMS 0x00000006e2c00000, 0x00000006e2800000| Untracked 
| 395|0x00000006e2c00000, 0x00000006e3000000, 0x00000006e3000000|100%| O|  |TAMS 0x00000006e3000000, 0x00000006e2c00000| Untracked 
| 396|0x00000006e3000000, 0x00000006e3400000, 0x00000006e3400000|100%| O|  |TAMS 0x00000006e3400000, 0x00000006e3000000| Untracked 
| 397|0x00000006e3400000, 0x00000006e3800000, 0x00000006e3800000|100%| O|  |TAMS 0x00000006e3800000, 0x00000006e3400000| Untracked 
| 398|0x00000006e3800000, 0x00000006e3c00000, 0x00000006e3c00000|100%| O|  |TAMS 0x00000006e3c00000, 0x00000006e3800000| Untracked 
| 399|0x00000006e3c00000, 0x00000006e4000000, 0x00000006e4000000|100%| O|  |TAMS 0x00000006e4000000, 0x00000006e3c00000| Untracked 
| 400|0x00000006e4000000, 0x00000006e4400000, 0x00000006e4400000|100%| O|  |TAMS 0x00000006e4400000, 0x00000006e4000000| Untracked 
| 401|0x00000006e4400000, 0x00000006e4800000, 0x00000006e4800000|100%| O|  |TAMS 0x00000006e4800000, 0x00000006e4400000| Untracked 
| 402|0x00000006e4800000, 0x00000006e4800000, 0x00000006e4c00000|  0%| F|  |TAMS 0x00000006e4800000, 0x00000006e4800000| Untracked 
| 403|0x00000006e4c00000, 0x00000006e5000000, 0x00000006e5000000|100%| O|  |TAMS 0x00000006e5000000, 0x00000006e4c00000| Untracked 
| 404|0x00000006e5000000, 0x00000006e5000000, 0x00000006e5400000|  0%| F|  |TAMS 0x00000006e5000000, 0x00000006e5000000| Untracked 
| 405|0x00000006e5400000, 0x00000006e5400000, 0x00000006e5800000|  0%| F|  |TAMS 0x00000006e5400000, 0x00000006e5400000| Untracked 
| 406|0x00000006e5800000, 0x00000006e5c00000, 0x00000006e5c00000|100%| O|  |TAMS 0x00000006e5c00000, 0x00000006e5800000| Untracked 
| 407|0x00000006e5c00000, 0x00000006e6000000, 0x00000006e6000000|100%| O|  |TAMS 0x00000006e6000000, 0x00000006e5c00000| Untracked 
| 408|0x00000006e6000000, 0x00000006e6400000, 0x00000006e6400000|100%| O|  |TAMS 0x00000006e6400000, 0x00000006e6000000| Untracked 
| 409|0x00000006e6400000, 0x00000006e6800000, 0x00000006e6800000|100%| O|  |TAMS 0x00000006e6800000, 0x00000006e6400000| Untracked 
| 410|0x00000006e6800000, 0x00000006e6c00000, 0x00000006e6c00000|100%| O|  |TAMS 0x00000006e6c00000, 0x00000006e6800000| Untracked 
| 411|0x00000006e6c00000, 0x00000006e7000000, 0x00000006e7000000|100%| O|  |TAMS 0x00000006e7000000, 0x00000006e6c00000| Untracked 
| 412|0x00000006e7000000, 0x00000006e7400000, 0x00000006e7400000|100%| O|  |TAMS 0x00000006e7400000, 0x00000006e7000000| Untracked 
| 413|0x00000006e7400000, 0x00000006e7800000, 0x00000006e7800000|100%| O|  |TAMS 0x00000006e7800000, 0x00000006e7400000| Untracked 
| 414|0x00000006e7800000, 0x00000006e7c00000, 0x00000006e7c00000|100%| O|  |TAMS 0x00000006e7c00000, 0x00000006e7800000| Untracked 
| 415|0x00000006e7c00000, 0x00000006e8000000, 0x00000006e8000000|100%| O|  |TAMS 0x00000006e8000000, 0x00000006e7c00000| Untracked 
| 416|0x00000006e8000000, 0x00000006e8400000, 0x00000006e8400000|100%| O|  |TAMS 0x00000006e8400000, 0x00000006e8000000| Untracked 
| 417|0x00000006e8400000, 0x00000006e8800000, 0x00000006e8800000|100%| O|  |TAMS 0x00000006e8800000, 0x00000006e8400000| Untracked 
| 418|0x00000006e8800000, 0x00000006e8c00000, 0x00000006e8c00000|100%| O|  |TAMS 0x00000006e8c00000, 0x00000006e8800000| Untracked 
| 419|0x00000006e8c00000, 0x00000006e9000000, 0x00000006e9000000|100%| O|  |TAMS 0x00000006e9000000, 0x00000006e8c00000| Untracked 
| 420|0x00000006e9000000, 0x00000006e9400000, 0x00000006e9400000|100%| O|  |TAMS 0x00000006e9400000, 0x00000006e9000000| Untracked 
| 421|0x00000006e9400000, 0x00000006e9400000, 0x00000006e9800000|  0%| F|  |TAMS 0x00000006e9400000, 0x00000006e9400000| Untracked 
| 422|0x00000006e9800000, 0x00000006e9800000, 0x00000006e9c00000|  0%| F|  |TAMS 0x00000006e9800000, 0x00000006e9800000| Untracked 
| 423|0x00000006e9c00000, 0x00000006e9c00000, 0x00000006ea000000|  0%| F|  |TAMS 0x00000006e9c00000, 0x00000006e9c00000| Untracked 
| 424|0x00000006ea000000, 0x00000006ea000000, 0x00000006ea400000|  0%| F|  |TAMS 0x00000006ea000000, 0x00000006ea000000| Untracked 
| 425|0x00000006ea400000, 0x00000006ea400000, 0x00000006ea800000|  0%| F|  |TAMS 0x00000006ea400000, 0x00000006ea400000| Untracked 
| 426|0x00000006ea800000, 0x00000006ea800000, 0x00000006eac00000|  0%| F|  |TAMS 0x00000006ea800000, 0x00000006ea800000| Untracked 
| 427|0x00000006eac00000, 0x00000006eac00000, 0x00000006eb000000|  0%| F|  |TAMS 0x00000006eac00000, 0x00000006eac00000| Untracked 
| 428|0x00000006eb000000, 0x00000006eb000000, 0x00000006eb400000|  0%| F|  |TAMS 0x00000006eb000000, 0x00000006eb000000| Untracked 
| 429|0x00000006eb400000, 0x00000006eb400000, 0x00000006eb800000|  0%| F|  |TAMS 0x00000006eb400000, 0x00000006eb400000| Untracked 
| 430|0x00000006eb800000, 0x00000006eb800000, 0x00000006ebc00000|  0%| F|  |TAMS 0x00000006eb800000, 0x00000006eb800000| Untracked 
| 431|0x00000006ebc00000, 0x00000006ebc00000, 0x00000006ec000000|  0%| F|  |TAMS 0x00000006ebc00000, 0x00000006ebc00000| Untracked 
| 432|0x00000006ec000000, 0x00000006ec000000, 0x00000006ec400000|  0%| F|  |TAMS 0x00000006ec000000, 0x00000006ec000000| Untracked 
| 433|0x00000006ec400000, 0x00000006ec400000, 0x00000006ec800000|  0%| F|  |TAMS 0x00000006ec400000, 0x00000006ec400000| Untracked 
| 434|0x00000006ec800000, 0x00000006ec800000, 0x00000006ecc00000|  0%| F|  |TAMS 0x00000006ec800000, 0x00000006ec800000| Untracked 
| 435|0x00000006ecc00000, 0x00000006ecc00000, 0x00000006ed000000|  0%| F|  |TAMS 0x00000006ecc00000, 0x00000006ecc00000| Untracked 
| 436|0x00000006ed000000, 0x00000006ed000000, 0x00000006ed400000|  0%| F|  |TAMS 0x00000006ed000000, 0x00000006ed000000| Untracked 
| 437|0x00000006ed400000, 0x00000006ed400000, 0x00000006ed800000|  0%| F|  |TAMS 0x00000006ed400000, 0x00000006ed400000| Untracked 
| 438|0x00000006ed800000, 0x00000006ed800000, 0x00000006edc00000|  0%| F|  |TAMS 0x00000006ed800000, 0x00000006ed800000| Untracked 
| 439|0x00000006edc00000, 0x00000006edc00000, 0x00000006ee000000|  0%| F|  |TAMS 0x00000006edc00000, 0x00000006edc00000| Untracked 
| 440|0x00000006ee000000, 0x00000006ee000000, 0x00000006ee400000|  0%| F|  |TAMS 0x00000006ee000000, 0x00000006ee000000| Untracked 
| 441|0x00000006ee400000, 0x00000006ee400000, 0x00000006ee800000|  0%| F|  |TAMS 0x00000006ee400000, 0x00000006ee400000| Untracked 
| 442|0x00000006ee800000, 0x00000006ee800000, 0x00000006eec00000|  0%| F|  |TAMS 0x00000006ee800000, 0x00000006ee800000| Untracked 
| 443|0x00000006eec00000, 0x00000006eec00000, 0x00000006ef000000|  0%| F|  |TAMS 0x00000006eec00000, 0x00000006eec00000| Untracked 
| 444|0x00000006ef000000, 0x00000006ef000000, 0x00000006ef400000|  0%| F|  |TAMS 0x00000006ef000000, 0x00000006ef000000| Untracked 
| 445|0x00000006ef400000, 0x00000006ef400000, 0x00000006ef800000|  0%| F|  |TAMS 0x00000006ef400000, 0x00000006ef400000| Untracked 
| 446|0x00000006ef800000, 0x00000006ef800000, 0x00000006efc00000|  0%| F|  |TAMS 0x00000006ef800000, 0x00000006ef800000| Untracked 
| 447|0x00000006efc00000, 0x00000006efc00000, 0x00000006f0000000|  0%| F|  |TAMS 0x00000006efc00000, 0x00000006efc00000| Untracked 
| 448|0x00000006f0000000, 0x00000006f0000000, 0x00000006f0400000|  0%| F|  |TAMS 0x00000006f0000000, 0x00000006f0000000| Untracked 
| 449|0x00000006f0400000, 0x00000006f0400000, 0x00000006f0800000|  0%| F|  |TAMS 0x00000006f0400000, 0x00000006f0400000| Untracked 
| 450|0x00000006f0800000, 0x00000006f0800000, 0x00000006f0c00000|  0%| F|  |TAMS 0x00000006f0800000, 0x00000006f0800000| Untracked 
| 451|0x00000006f0c00000, 0x00000006f0c00000, 0x00000006f1000000|  0%| F|  |TAMS 0x00000006f0c00000, 0x00000006f0c00000| Untracked 
| 452|0x00000006f1000000, 0x00000006f1000000, 0x00000006f1400000|  0%| F|  |TAMS 0x00000006f1000000, 0x00000006f1000000| Untracked 
| 453|0x00000006f1400000, 0x00000006f1400000, 0x00000006f1800000|  0%| F|  |TAMS 0x00000006f1400000, 0x00000006f1400000| Untracked 
| 454|0x00000006f1800000, 0x00000006f1800000, 0x00000006f1c00000|  0%| F|  |TAMS 0x00000006f1800000, 0x00000006f1800000| Untracked 
| 455|0x00000006f1c00000, 0x00000006f1c00000, 0x00000006f2000000|  0%| F|  |TAMS 0x00000006f1c00000, 0x00000006f1c00000| Untracked 
| 456|0x00000006f2000000, 0x00000006f2000000, 0x00000006f2400000|  0%| F|  |TAMS 0x00000006f2000000, 0x00000006f2000000| Untracked 
| 457|0x00000006f2400000, 0x00000006f2400000, 0x00000006f2800000|  0%| F|  |TAMS 0x00000006f2400000, 0x00000006f2400000| Untracked 
| 458|0x00000006f2800000, 0x00000006f2800000, 0x00000006f2c00000|  0%| F|  |TAMS 0x00000006f2800000, 0x00000006f2800000| Untracked 
| 459|0x00000006f2c00000, 0x00000006f2c00000, 0x00000006f3000000|  0%| F|  |TAMS 0x00000006f2c00000, 0x00000006f2c00000| Untracked 
| 460|0x00000006f3000000, 0x00000006f3000000, 0x00000006f3400000|  0%| F|  |TAMS 0x00000006f3000000, 0x00000006f3000000| Untracked 
| 461|0x00000006f3400000, 0x00000006f3400000, 0x00000006f3800000|  0%| F|  |TAMS 0x00000006f3400000, 0x00000006f3400000| Untracked 
| 462|0x00000006f3800000, 0x00000006f3800000, 0x00000006f3c00000|  0%| F|  |TAMS 0x00000006f3800000, 0x00000006f3800000| Untracked 
| 463|0x00000006f3c00000, 0x00000006f3c00000, 0x00000006f4000000|  0%| F|  |TAMS 0x00000006f3c00000, 0x00000006f3c00000| Untracked 
| 464|0x00000006f4000000, 0x00000006f4000000, 0x00000006f4400000|  0%| F|  |TAMS 0x00000006f4000000, 0x00000006f4000000| Untracked 
| 465|0x00000006f4400000, 0x00000006f4400000, 0x00000006f4800000|  0%| F|  |TAMS 0x00000006f4400000, 0x00000006f4400000| Untracked 
| 466|0x00000006f4800000, 0x00000006f4800000, 0x00000006f4c00000|  0%| F|  |TAMS 0x00000006f4800000, 0x00000006f4800000| Untracked 
| 467|0x00000006f4c00000, 0x00000006f4c00000, 0x00000006f5000000|  0%| F|  |TAMS 0x00000006f4c00000, 0x00000006f4c00000| Untracked 
| 468|0x00000006f5000000, 0x00000006f5000000, 0x00000006f5400000|  0%| F|  |TAMS 0x00000006f5000000, 0x00000006f5000000| Untracked 
| 469|0x00000006f5400000, 0x00000006f5400000, 0x00000006f5800000|  0%| F|  |TAMS 0x00000006f5400000, 0x00000006f5400000| Untracked 
| 470|0x00000006f5800000, 0x00000006f5800000, 0x00000006f5c00000|  0%| F|  |TAMS 0x00000006f5800000, 0x00000006f5800000| Untracked 
| 471|0x00000006f5c00000, 0x00000006f5c00000, 0x00000006f6000000|  0%| F|  |TAMS 0x00000006f5c00000, 0x00000006f5c00000| Untracked 
| 472|0x00000006f6000000, 0x00000006f6000000, 0x00000006f6400000|  0%| F|  |TAMS 0x00000006f6000000, 0x00000006f6000000| Untracked 
| 473|0x00000006f6400000, 0x00000006f6400000, 0x00000006f6800000|  0%| F|  |TAMS 0x00000006f6400000, 0x00000006f6400000| Untracked 
| 474|0x00000006f6800000, 0x00000006f6800000, 0x00000006f6c00000|  0%| F|  |TAMS 0x00000006f6800000, 0x00000006f6800000| Untracked 
| 475|0x00000006f6c00000, 0x00000006f6c00000, 0x00000006f7000000|  0%| F|  |TAMS 0x00000006f6c00000, 0x00000006f6c00000| Untracked 
| 476|0x00000006f7000000, 0x00000006f7000000, 0x00000006f7400000|  0%| F|  |TAMS 0x00000006f7000000, 0x00000006f7000000| Untracked 
| 477|0x00000006f7400000, 0x00000006f7400000, 0x00000006f7800000|  0%| F|  |TAMS 0x00000006f7400000, 0x00000006f7400000| Untracked 
| 478|0x00000006f7800000, 0x00000006f7800000, 0x00000006f7c00000|  0%| F|  |TAMS 0x00000006f7800000, 0x00000006f7800000| Untracked 
| 479|0x00000006f7c00000, 0x00000006f7c00000, 0x00000006f8000000|  0%| F|  |TAMS 0x00000006f7c00000, 0x00000006f7c00000| Untracked 
| 480|0x00000006f8000000, 0x00000006f8000000, 0x00000006f8400000|  0%| F|  |TAMS 0x00000006f8000000, 0x00000006f8000000| Untracked 
| 481|0x00000006f8400000, 0x00000006f8400000, 0x00000006f8800000|  0%| F|  |TAMS 0x00000006f8400000, 0x00000006f8400000| Untracked 
| 482|0x00000006f8800000, 0x00000006f8800000, 0x00000006f8c00000|  0%| F|  |TAMS 0x00000006f8800000, 0x00000006f8800000| Untracked 
| 483|0x00000006f8c00000, 0x00000006f8c00000, 0x00000006f9000000|  0%| F|  |TAMS 0x00000006f8c00000, 0x00000006f8c00000| Untracked 
| 484|0x00000006f9000000, 0x00000006f9000000, 0x00000006f9400000|  0%| F|  |TAMS 0x00000006f9000000, 0x00000006f9000000| Untracked 
| 485|0x00000006f9400000, 0x00000006f9400000, 0x00000006f9800000|  0%| F|  |TAMS 0x00000006f9400000, 0x00000006f9400000| Untracked 
| 486|0x00000006f9800000, 0x00000006f9800000, 0x00000006f9c00000|  0%| F|  |TAMS 0x00000006f9800000, 0x00000006f9800000| Untracked 
| 487|0x00000006f9c00000, 0x00000006f9c00000, 0x00000006fa000000|  0%| F|  |TAMS 0x00000006f9c00000, 0x00000006f9c00000| Untracked 
| 488|0x00000006fa000000, 0x00000006fa000000, 0x00000006fa400000|  0%| F|  |TAMS 0x00000006fa000000, 0x00000006fa000000| Untracked 
| 489|0x00000006fa400000, 0x00000006fa400000, 0x00000006fa800000|  0%| F|  |TAMS 0x00000006fa400000, 0x00000006fa400000| Untracked 
| 490|0x00000006fa800000, 0x00000006fa800000, 0x00000006fac00000|  0%| F|  |TAMS 0x00000006fa800000, 0x00000006fa800000| Untracked 
| 491|0x00000006fac00000, 0x00000006fac00000, 0x00000006fb000000|  0%| F|  |TAMS 0x00000006fac00000, 0x00000006fac00000| Untracked 
| 492|0x00000006fb000000, 0x00000006fb000000, 0x00000006fb400000|  0%| F|  |TAMS 0x00000006fb000000, 0x00000006fb000000| Untracked 
| 493|0x00000006fb400000, 0x00000006fb400000, 0x00000006fb800000|  0%| F|  |TAMS 0x00000006fb400000, 0x00000006fb400000| Untracked 
| 494|0x00000006fb800000, 0x00000006fb800000, 0x00000006fbc00000|  0%| F|  |TAMS 0x00000006fb800000, 0x00000006fb800000| Untracked 
| 495|0x00000006fbc00000, 0x00000006fbc00000, 0x00000006fc000000|  0%| F|  |TAMS 0x00000006fbc00000, 0x00000006fbc00000| Untracked 
| 496|0x00000006fc000000, 0x00000006fc000000, 0x00000006fc400000|  0%| F|  |TAMS 0x00000006fc000000, 0x00000006fc000000| Untracked 
| 497|0x00000006fc400000, 0x00000006fc400000, 0x00000006fc800000|  0%| F|  |TAMS 0x00000006fc400000, 0x00000006fc400000| Untracked 
| 498|0x00000006fc800000, 0x00000006fc800000, 0x00000006fcc00000|  0%| F|  |TAMS 0x00000006fc800000, 0x00000006fc800000| Untracked 
| 499|0x00000006fcc00000, 0x00000006fcc00000, 0x00000006fd000000|  0%| F|  |TAMS 0x00000006fcc00000, 0x00000006fcc00000| Untracked 
| 500|0x00000006fd000000, 0x00000006fd000000, 0x00000006fd400000|  0%| F|  |TAMS 0x00000006fd000000, 0x00000006fd000000| Untracked 
| 501|0x00000006fd400000, 0x00000006fd400000, 0x00000006fd800000|  0%| F|  |TAMS 0x00000006fd400000, 0x00000006fd400000| Untracked 
| 502|0x00000006fd800000, 0x00000006fd800000, 0x00000006fdc00000|  0%| F|  |TAMS 0x00000006fd800000, 0x00000006fd800000| Untracked 
| 503|0x00000006fdc00000, 0x00000006fdc00000, 0x00000006fe000000|  0%| F|  |TAMS 0x00000006fdc00000, 0x00000006fdc00000| Untracked 
| 504|0x00000006fe000000, 0x00000006fe000000, 0x00000006fe400000|  0%| F|  |TAMS 0x00000006fe000000, 0x00000006fe000000| Untracked 
| 505|0x00000006fe400000, 0x00000006fe400000, 0x00000006fe800000|  0%| F|  |TAMS 0x00000006fe400000, 0x00000006fe400000| Untracked 
| 506|0x00000006fe800000, 0x00000006fe800000, 0x00000006fec00000|  0%| F|  |TAMS 0x00000006fe800000, 0x00000006fe800000| Untracked 
| 507|0x00000006fec00000, 0x00000006fec00000, 0x00000006ff000000|  0%| F|  |TAMS 0x00000006fec00000, 0x00000006fec00000| Untracked 
| 508|0x00000006ff000000, 0x00000006ff000000, 0x00000006ff400000|  0%| F|  |TAMS 0x00000006ff000000, 0x00000006ff000000| Untracked 
| 509|0x00000006ff400000, 0x00000006ff400000, 0x00000006ff800000|  0%| F|  |TAMS 0x00000006ff400000, 0x00000006ff400000| Untracked 
| 510|0x00000006ff800000, 0x00000006ff800000, 0x00000006ffc00000|  0%| F|  |TAMS 0x00000006ff800000, 0x00000006ff800000| Untracked 
| 511|0x00000006ffc00000, 0x00000006ffc00000, 0x0000000700000000|  0%| F|  |TAMS 0x00000006ffc00000, 0x00000006ffc00000| Untracked 
| 512|0x0000000700000000, 0x0000000700000000, 0x0000000700400000|  0%| F|  |TAMS 0x0000000700000000, 0x0000000700000000| Untracked 
| 513|0x0000000700400000, 0x0000000700400000, 0x0000000700800000|  0%| F|  |TAMS 0x0000000700400000, 0x0000000700400000| Untracked 
| 514|0x0000000700800000, 0x0000000700800000, 0x0000000700c00000|  0%| F|  |TAMS 0x0000000700800000, 0x0000000700800000| Untracked 
| 515|0x0000000700c00000, 0x0000000700c00000, 0x0000000701000000|  0%| F|  |TAMS 0x0000000700c00000, 0x0000000700c00000| Untracked 
| 516|0x0000000701000000, 0x0000000701000000, 0x0000000701400000|  0%| F|  |TAMS 0x0000000701000000, 0x0000000701000000| Untracked 
| 517|0x0000000701400000, 0x0000000701400000, 0x0000000701800000|  0%| F|  |TAMS 0x0000000701400000, 0x0000000701400000| Untracked 
| 518|0x0000000701800000, 0x0000000701800000, 0x0000000701c00000|  0%| F|  |TAMS 0x0000000701800000, 0x0000000701800000| Untracked 
| 519|0x0000000701c00000, 0x0000000701c00000, 0x0000000702000000|  0%| F|  |TAMS 0x0000000701c00000, 0x0000000701c00000| Untracked 
| 520|0x0000000702000000, 0x0000000702000000, 0x0000000702400000|  0%| F|  |TAMS 0x0000000702000000, 0x0000000702000000| Untracked 
| 521|0x0000000702400000, 0x0000000702400000, 0x0000000702800000|  0%| F|  |TAMS 0x0000000702400000, 0x0000000702400000| Untracked 
| 522|0x0000000702800000, 0x0000000702800000, 0x0000000702c00000|  0%| F|  |TAMS 0x0000000702800000, 0x0000000702800000| Untracked 
| 523|0x0000000702c00000, 0x0000000702c00000, 0x0000000703000000|  0%| F|  |TAMS 0x0000000702c00000, 0x0000000702c00000| Untracked 
| 524|0x0000000703000000, 0x0000000703000000, 0x0000000703400000|  0%| F|  |TAMS 0x0000000703000000, 0x0000000703000000| Untracked 
| 525|0x0000000703400000, 0x0000000703400000, 0x0000000703800000|  0%| F|  |TAMS 0x0000000703400000, 0x0000000703400000| Untracked 
| 526|0x0000000703800000, 0x0000000703800000, 0x0000000703c00000|  0%| F|  |TAMS 0x0000000703800000, 0x0000000703800000| Untracked 
| 527|0x0000000703c00000, 0x0000000703c00000, 0x0000000704000000|  0%| F|  |TAMS 0x0000000703c00000, 0x0000000703c00000| Untracked 
| 528|0x0000000704000000, 0x0000000704000000, 0x0000000704400000|  0%| F|  |TAMS 0x0000000704000000, 0x0000000704000000| Untracked 
| 529|0x0000000704400000, 0x0000000704400000, 0x0000000704800000|  0%| F|  |TAMS 0x0000000704400000, 0x0000000704400000| Untracked 
| 530|0x0000000704800000, 0x0000000704800000, 0x0000000704c00000|  0%| F|  |TAMS 0x0000000704800000, 0x0000000704800000| Untracked 
| 531|0x0000000704c00000, 0x0000000704c00000, 0x0000000705000000|  0%| F|  |TAMS 0x0000000704c00000, 0x0000000704c00000| Untracked 
| 532|0x0000000705000000, 0x0000000705000000, 0x0000000705400000|  0%| F|  |TAMS 0x0000000705000000, 0x0000000705000000| Untracked 
| 533|0x0000000705400000, 0x0000000705400000, 0x0000000705800000|  0%| F|  |TAMS 0x0000000705400000, 0x0000000705400000| Untracked 
| 534|0x0000000705800000, 0x0000000705800000, 0x0000000705c00000|  0%| F|  |TAMS 0x0000000705800000, 0x0000000705800000| Untracked 
| 535|0x0000000705c00000, 0x0000000705c00000, 0x0000000706000000|  0%| F|  |TAMS 0x0000000705c00000, 0x0000000705c00000| Untracked 
| 536|0x0000000706000000, 0x0000000706000000, 0x0000000706400000|  0%| F|  |TAMS 0x0000000706000000, 0x0000000706000000| Untracked 
| 537|0x0000000706400000, 0x0000000706400000, 0x0000000706800000|  0%| F|  |TAMS 0x0000000706400000, 0x0000000706400000| Untracked 
| 538|0x0000000706800000, 0x0000000706800000, 0x0000000706c00000|  0%| F|  |TAMS 0x0000000706800000, 0x0000000706800000| Untracked 
| 539|0x0000000706c00000, 0x0000000706c00000, 0x0000000707000000|  0%| F|  |TAMS 0x0000000706c00000, 0x0000000706c00000| Untracked 
| 540|0x0000000707000000, 0x0000000707000000, 0x0000000707400000|  0%| F|  |TAMS 0x0000000707000000, 0x0000000707000000| Untracked 
| 541|0x0000000707400000, 0x0000000707400000, 0x0000000707800000|  0%| F|  |TAMS 0x0000000707400000, 0x0000000707400000| Untracked 
| 542|0x0000000707800000, 0x0000000707800000, 0x0000000707c00000|  0%| F|  |TAMS 0x0000000707800000, 0x0000000707800000| Untracked 
| 543|0x0000000707c00000, 0x0000000707c00000, 0x0000000708000000|  0%| F|  |TAMS 0x0000000707c00000, 0x0000000707c00000| Untracked 
| 544|0x0000000708000000, 0x0000000708000000, 0x0000000708400000|  0%| F|  |TAMS 0x0000000708000000, 0x0000000708000000| Untracked 
| 545|0x0000000708400000, 0x0000000708400000, 0x0000000708800000|  0%| F|  |TAMS 0x0000000708400000, 0x0000000708400000| Untracked 
| 546|0x0000000708800000, 0x0000000708800000, 0x0000000708c00000|  0%| F|  |TAMS 0x0000000708800000, 0x0000000708800000| Untracked 
| 547|0x0000000708c00000, 0x0000000708c00000, 0x0000000709000000|  0%| F|  |TAMS 0x0000000708c00000, 0x0000000708c00000| Untracked 
| 548|0x0000000709000000, 0x0000000709000000, 0x0000000709400000|  0%| F|  |TAMS 0x0000000709000000, 0x0000000709000000| Untracked 
| 549|0x0000000709400000, 0x0000000709400000, 0x0000000709800000|  0%| F|  |TAMS 0x0000000709400000, 0x0000000709400000| Untracked 
| 550|0x0000000709800000, 0x0000000709800000, 0x0000000709c00000|  0%| F|  |TAMS 0x0000000709800000, 0x0000000709800000| Untracked 
| 551|0x0000000709c00000, 0x0000000709c00000, 0x000000070a000000|  0%| F|  |TAMS 0x0000000709c00000, 0x0000000709c00000| Untracked 
| 552|0x000000070a000000, 0x000000070a000000, 0x000000070a400000|  0%| F|  |TAMS 0x000000070a000000, 0x000000070a000000| Untracked 
| 553|0x000000070a400000, 0x000000070a400000, 0x000000070a800000|  0%| F|  |TAMS 0x000000070a400000, 0x000000070a400000| Untracked 
| 554|0x000000070a800000, 0x000000070a800000, 0x000000070ac00000|  0%| F|  |TAMS 0x000000070a800000, 0x000000070a800000| Untracked 
| 555|0x000000070ac00000, 0x000000070ac00000, 0x000000070b000000|  0%| F|  |TAMS 0x000000070ac00000, 0x000000070ac00000| Untracked 
| 556|0x000000070b000000, 0x000000070b000000, 0x000000070b400000|  0%| F|  |TAMS 0x000000070b000000, 0x000000070b000000| Untracked 
| 557|0x000000070b400000, 0x000000070b400000, 0x000000070b800000|  0%| F|  |TAMS 0x000000070b400000, 0x000000070b400000| Untracked 
| 558|0x000000070b800000, 0x000000070b800000, 0x000000070bc00000|  0%| F|  |TAMS 0x000000070b800000, 0x000000070b800000| Untracked 
| 559|0x000000070bc00000, 0x000000070bc00000, 0x000000070c000000|  0%| F|  |TAMS 0x000000070bc00000, 0x000000070bc00000| Untracked 
| 560|0x000000070c000000, 0x000000070c000000, 0x000000070c400000|  0%| F|  |TAMS 0x000000070c000000, 0x000000070c000000| Untracked 
| 561|0x000000070c400000, 0x000000070c400000, 0x000000070c800000|  0%| F|  |TAMS 0x000000070c400000, 0x000000070c400000| Untracked 
| 562|0x000000070c800000, 0x000000070c800000, 0x000000070cc00000|  0%| F|  |TAMS 0x000000070c800000, 0x000000070c800000| Untracked 
| 563|0x000000070cc00000, 0x000000070cc00000, 0x000000070d000000|  0%| F|  |TAMS 0x000000070cc00000, 0x000000070cc00000| Untracked 
| 564|0x000000070d000000, 0x000000070d000000, 0x000000070d400000|  0%| F|  |TAMS 0x000000070d000000, 0x000000070d000000| Untracked 
| 565|0x000000070d400000, 0x000000070d400000, 0x000000070d800000|  0%| F|  |TAMS 0x000000070d400000, 0x000000070d400000| Untracked 
| 566|0x000000070d800000, 0x000000070d800000, 0x000000070dc00000|  0%| F|  |TAMS 0x000000070d800000, 0x000000070d800000| Untracked 
| 567|0x000000070dc00000, 0x000000070dc00000, 0x000000070e000000|  0%| F|  |TAMS 0x000000070dc00000, 0x000000070dc00000| Untracked 
| 568|0x000000070e000000, 0x000000070e000000, 0x000000070e400000|  0%| F|  |TAMS 0x000000070e000000, 0x000000070e000000| Untracked 
| 569|0x000000070e400000, 0x000000070e400000, 0x000000070e800000|  0%| F|  |TAMS 0x000000070e400000, 0x000000070e400000| Untracked 
| 570|0x000000070e800000, 0x000000070e800000, 0x000000070ec00000|  0%| F|  |TAMS 0x000000070e800000, 0x000000070e800000| Untracked 
| 571|0x000000070ec00000, 0x000000070ec00000, 0x000000070f000000|  0%| F|  |TAMS 0x000000070ec00000, 0x000000070ec00000| Untracked 
| 572|0x000000070f000000, 0x000000070f000000, 0x000000070f400000|  0%| F|  |TAMS 0x000000070f000000, 0x000000070f000000| Untracked 
| 573|0x000000070f400000, 0x000000070f400000, 0x000000070f800000|  0%| F|  |TAMS 0x000000070f400000, 0x000000070f400000| Untracked 
| 574|0x000000070f800000, 0x000000070f800000, 0x000000070fc00000|  0%| F|  |TAMS 0x000000070f800000, 0x000000070f800000| Untracked 
| 575|0x000000070fc00000, 0x000000070fc00000, 0x0000000710000000|  0%| F|  |TAMS 0x000000070fc00000, 0x000000070fc00000| Untracked 
| 576|0x0000000710000000, 0x0000000710000000, 0x0000000710400000|  0%| F|  |TAMS 0x0000000710000000, 0x0000000710000000| Untracked 
| 577|0x0000000710400000, 0x0000000710400000, 0x0000000710800000|  0%| F|  |TAMS 0x0000000710400000, 0x0000000710400000| Untracked 
| 578|0x0000000710800000, 0x0000000710800000, 0x0000000710c00000|  0%| F|  |TAMS 0x0000000710800000, 0x0000000710800000| Untracked 
| 579|0x0000000710c00000, 0x0000000710c00000, 0x0000000711000000|  0%| F|  |TAMS 0x0000000710c00000, 0x0000000710c00000| Untracked 
| 580|0x0000000711000000, 0x0000000711000000, 0x0000000711400000|  0%| F|  |TAMS 0x0000000711000000, 0x0000000711000000| Untracked 
| 581|0x0000000711400000, 0x0000000711400000, 0x0000000711800000|  0%| F|  |TAMS 0x0000000711400000, 0x0000000711400000| Untracked 
| 582|0x0000000711800000, 0x0000000711800000, 0x0000000711c00000|  0%| F|  |TAMS 0x0000000711800000, 0x0000000711800000| Untracked 
| 583|0x0000000711c00000, 0x0000000711c00000, 0x0000000712000000|  0%| F|  |TAMS 0x0000000711c00000, 0x0000000711c00000| Untracked 
| 584|0x0000000712000000, 0x0000000712000000, 0x0000000712400000|  0%| F|  |TAMS 0x0000000712000000, 0x0000000712000000| Untracked 
| 585|0x0000000712400000, 0x0000000712400000, 0x0000000712800000|  0%| F|  |TAMS 0x0000000712400000, 0x0000000712400000| Untracked 
| 586|0x0000000712800000, 0x0000000712800000, 0x0000000712c00000|  0%| F|  |TAMS 0x0000000712800000, 0x0000000712800000| Untracked 
| 587|0x0000000712c00000, 0x0000000712c00000, 0x0000000713000000|  0%| F|  |TAMS 0x0000000712c00000, 0x0000000712c00000| Untracked 
| 588|0x0000000713000000, 0x0000000713000000, 0x0000000713400000|  0%| F|  |TAMS 0x0000000713000000, 0x0000000713000000| Untracked 
| 589|0x0000000713400000, 0x0000000713400000, 0x0000000713800000|  0%| F|  |TAMS 0x0000000713400000, 0x0000000713400000| Untracked 
| 590|0x0000000713800000, 0x0000000713800000, 0x0000000713c00000|  0%| F|  |TAMS 0x0000000713800000, 0x0000000713800000| Untracked 
| 591|0x0000000713c00000, 0x0000000713c00000, 0x0000000714000000|  0%| F|  |TAMS 0x0000000713c00000, 0x0000000713c00000| Untracked 
| 592|0x0000000714000000, 0x0000000714000000, 0x0000000714400000|  0%| F|  |TAMS 0x0000000714000000, 0x0000000714000000| Untracked 
| 593|0x0000000714400000, 0x0000000714400000, 0x0000000714800000|  0%| F|  |TAMS 0x0000000714400000, 0x0000000714400000| Untracked 
| 594|0x0000000714800000, 0x0000000714800000, 0x0000000714c00000|  0%| F|  |TAMS 0x0000000714800000, 0x0000000714800000| Untracked 
| 595|0x0000000714c00000, 0x0000000714c00000, 0x0000000715000000|  0%| F|  |TAMS 0x0000000714c00000, 0x0000000714c00000| Untracked 
| 596|0x0000000715000000, 0x0000000715000000, 0x0000000715400000|  0%| F|  |TAMS 0x0000000715000000, 0x0000000715000000| Untracked 
| 597|0x0000000715400000, 0x0000000715400000, 0x0000000715800000|  0%| F|  |TAMS 0x0000000715400000, 0x0000000715400000| Untracked 
| 598|0x0000000715800000, 0x0000000715800000, 0x0000000715c00000|  0%| F|  |TAMS 0x0000000715800000, 0x0000000715800000| Untracked 
| 599|0x0000000715c00000, 0x0000000715c00000, 0x0000000716000000|  0%| F|  |TAMS 0x0000000715c00000, 0x0000000715c00000| Untracked 
| 600|0x0000000716000000, 0x0000000716000000, 0x0000000716400000|  0%| F|  |TAMS 0x0000000716000000, 0x0000000716000000| Untracked 
| 601|0x0000000716400000, 0x0000000716400000, 0x0000000716800000|  0%| F|  |TAMS 0x0000000716400000, 0x0000000716400000| Untracked 
| 602|0x0000000716800000, 0x0000000716800000, 0x0000000716c00000|  0%| F|  |TAMS 0x0000000716800000, 0x0000000716800000| Untracked 
| 603|0x0000000716c00000, 0x0000000716c00000, 0x0000000717000000|  0%| F|  |TAMS 0x0000000716c00000, 0x0000000716c00000| Untracked 
| 604|0x0000000717000000, 0x0000000717000000, 0x0000000717400000|  0%| F|  |TAMS 0x0000000717000000, 0x0000000717000000| Untracked 
| 605|0x0000000717400000, 0x0000000717400000, 0x0000000717800000|  0%| F|  |TAMS 0x0000000717400000, 0x0000000717400000| Untracked 
| 606|0x0000000717800000, 0x0000000717800000, 0x0000000717c00000|  0%| F|  |TAMS 0x0000000717800000, 0x0000000717800000| Untracked 
| 607|0x0000000717c00000, 0x0000000717c00000, 0x0000000718000000|  0%| F|  |TAMS 0x0000000717c00000, 0x0000000717c00000| Untracked 
| 608|0x0000000718000000, 0x0000000718000000, 0x0000000718400000|  0%| F|  |TAMS 0x0000000718000000, 0x0000000718000000| Untracked 
| 609|0x0000000718400000, 0x0000000718400000, 0x0000000718800000|  0%| F|  |TAMS 0x0000000718400000, 0x0000000718400000| Untracked 
| 610|0x0000000718800000, 0x0000000718800000, 0x0000000718c00000|  0%| F|  |TAMS 0x0000000718800000, 0x0000000718800000| Untracked 
| 611|0x0000000718c00000, 0x0000000718c00000, 0x0000000719000000|  0%| F|  |TAMS 0x0000000718c00000, 0x0000000718c00000| Untracked 
| 612|0x0000000719000000, 0x0000000719000000, 0x0000000719400000|  0%| F|  |TAMS 0x0000000719000000, 0x0000000719000000| Untracked 
| 613|0x0000000719400000, 0x0000000719400000, 0x0000000719800000|  0%| F|  |TAMS 0x0000000719400000, 0x0000000719400000| Untracked 
| 614|0x0000000719800000, 0x0000000719800000, 0x0000000719c00000|  0%| F|  |TAMS 0x0000000719800000, 0x0000000719800000| Untracked 
| 615|0x0000000719c00000, 0x0000000719c00000, 0x000000071a000000|  0%| F|  |TAMS 0x0000000719c00000, 0x0000000719c00000| Untracked 
| 616|0x000000071a000000, 0x000000071a000000, 0x000000071a400000|  0%| F|  |TAMS 0x000000071a000000, 0x000000071a000000| Untracked 
| 617|0x000000071a400000, 0x000000071a400000, 0x000000071a800000|  0%| F|  |TAMS 0x000000071a400000, 0x000000071a400000| Untracked 
| 618|0x000000071a800000, 0x000000071a800000, 0x000000071ac00000|  0%| F|  |TAMS 0x000000071a800000, 0x000000071a800000| Untracked 
| 619|0x000000071ac00000, 0x000000071ac00000, 0x000000071b000000|  0%| F|  |TAMS 0x000000071ac00000, 0x000000071ac00000| Untracked 
| 620|0x000000071b000000, 0x000000071b000000, 0x000000071b400000|  0%| F|  |TAMS 0x000000071b000000, 0x000000071b000000| Untracked 
| 621|0x000000071b400000, 0x000000071b400000, 0x000000071b800000|  0%| F|  |TAMS 0x000000071b400000, 0x000000071b400000| Untracked 
| 622|0x000000071b800000, 0x000000071b800000, 0x000000071bc00000|  0%| F|  |TAMS 0x000000071b800000, 0x000000071b800000| Untracked 
| 623|0x000000071bc00000, 0x000000071bc00000, 0x000000071c000000|  0%| F|  |TAMS 0x000000071bc00000, 0x000000071bc00000| Untracked 
| 624|0x000000071c000000, 0x000000071c000000, 0x000000071c400000|  0%| F|  |TAMS 0x000000071c000000, 0x000000071c000000| Untracked 
| 625|0x000000071c400000, 0x000000071c400000, 0x000000071c800000|  0%| F|  |TAMS 0x000000071c400000, 0x000000071c400000| Untracked 
| 626|0x000000071c800000, 0x000000071c800000, 0x000000071cc00000|  0%| F|  |TAMS 0x000000071c800000, 0x000000071c800000| Untracked 
| 627|0x000000071cc00000, 0x000000071cc00000, 0x000000071d000000|  0%| F|  |TAMS 0x000000071cc00000, 0x000000071cc00000| Untracked 
| 628|0x000000071d000000, 0x000000071d000000, 0x000000071d400000|  0%| F|  |TAMS 0x000000071d000000, 0x000000071d000000| Untracked 
| 629|0x000000071d400000, 0x000000071d400000, 0x000000071d800000|  0%| F|  |TAMS 0x000000071d400000, 0x000000071d400000| Untracked 
| 630|0x000000071d800000, 0x000000071d800000, 0x000000071dc00000|  0%| F|  |TAMS 0x000000071d800000, 0x000000071d800000| Untracked 
| 631|0x000000071dc00000, 0x000000071dc00000, 0x000000071e000000|  0%| F|  |TAMS 0x000000071dc00000, 0x000000071dc00000| Untracked 
| 632|0x000000071e000000, 0x000000071e000000, 0x000000071e400000|  0%| F|  |TAMS 0x000000071e000000, 0x000000071e000000| Untracked 
| 633|0x000000071e400000, 0x000000071e400000, 0x000000071e800000|  0%| F|  |TAMS 0x000000071e400000, 0x000000071e400000| Untracked 
| 634|0x000000071e800000, 0x000000071e800000, 0x000000071ec00000|  0%| F|  |TAMS 0x000000071e800000, 0x000000071e800000| Untracked 
| 635|0x000000071ec00000, 0x000000071ec00000, 0x000000071f000000|  0%| F|  |TAMS 0x000000071ec00000, 0x000000071ec00000| Untracked 
| 636|0x000000071f000000, 0x000000071f000000, 0x000000071f400000|  0%| F|  |TAMS 0x000000071f000000, 0x000000071f000000| Untracked 
| 637|0x000000071f400000, 0x000000071f400000, 0x000000071f800000|  0%| F|  |TAMS 0x000000071f400000, 0x000000071f400000| Untracked 
| 638|0x000000071f800000, 0x000000071f800000, 0x000000071fc00000|  0%| F|  |TAMS 0x000000071f800000, 0x000000071f800000| Untracked 
| 639|0x000000071fc00000, 0x000000071fc00000, 0x0000000720000000|  0%| F|  |TAMS 0x000000071fc00000, 0x000000071fc00000| Untracked 
| 640|0x0000000720000000, 0x0000000720000000, 0x0000000720400000|  0%| F|  |TAMS 0x0000000720000000, 0x0000000720000000| Untracked 
| 641|0x0000000720400000, 0x0000000720400000, 0x0000000720800000|  0%| F|  |TAMS 0x0000000720400000, 0x0000000720400000| Untracked 
| 642|0x0000000720800000, 0x0000000720800000, 0x0000000720c00000|  0%| F|  |TAMS 0x0000000720800000, 0x0000000720800000| Untracked 
| 643|0x0000000720c00000, 0x0000000720c00000, 0x0000000721000000|  0%| F|  |TAMS 0x0000000720c00000, 0x0000000720c00000| Untracked 
| 644|0x0000000721000000, 0x0000000721000000, 0x0000000721400000|  0%| F|  |TAMS 0x0000000721000000, 0x0000000721000000| Untracked 
| 645|0x0000000721400000, 0x0000000721400000, 0x0000000721800000|  0%| F|  |TAMS 0x0000000721400000, 0x0000000721400000| Untracked 
| 646|0x0000000721800000, 0x0000000721800000, 0x0000000721c00000|  0%| F|  |TAMS 0x0000000721800000, 0x0000000721800000| Untracked 
| 647|0x0000000721c00000, 0x0000000721c00000, 0x0000000722000000|  0%| F|  |TAMS 0x0000000721c00000, 0x0000000721c00000| Untracked 
| 648|0x0000000722000000, 0x0000000722000000, 0x0000000722400000|  0%| F|  |TAMS 0x0000000722000000, 0x0000000722000000| Untracked 
| 649|0x0000000722400000, 0x0000000722400000, 0x0000000722800000|  0%| F|  |TAMS 0x0000000722400000, 0x0000000722400000| Untracked 
| 650|0x0000000722800000, 0x0000000722800000, 0x0000000722c00000|  0%| F|  |TAMS 0x0000000722800000, 0x0000000722800000| Untracked 
| 651|0x0000000722c00000, 0x0000000722c00000, 0x0000000723000000|  0%| F|  |TAMS 0x0000000722c00000, 0x0000000722c00000| Untracked 
| 652|0x0000000723000000, 0x0000000723000000, 0x0000000723400000|  0%| F|  |TAMS 0x0000000723000000, 0x0000000723000000| Untracked 
| 653|0x0000000723400000, 0x0000000723400000, 0x0000000723800000|  0%| F|  |TAMS 0x0000000723400000, 0x0000000723400000| Untracked 
| 654|0x0000000723800000, 0x0000000723800000, 0x0000000723c00000|  0%| F|  |TAMS 0x0000000723800000, 0x0000000723800000| Untracked 
| 655|0x0000000723c00000, 0x0000000723c00000, 0x0000000724000000|  0%| F|  |TAMS 0x0000000723c00000, 0x0000000723c00000| Untracked 
| 656|0x0000000724000000, 0x0000000724000000, 0x0000000724400000|  0%| F|  |TAMS 0x0000000724000000, 0x0000000724000000| Untracked 
| 657|0x0000000724400000, 0x0000000724400000, 0x0000000724800000|  0%| F|  |TAMS 0x0000000724400000, 0x0000000724400000| Untracked 
| 658|0x0000000724800000, 0x0000000724800000, 0x0000000724c00000|  0%| F|  |TAMS 0x0000000724800000, 0x0000000724800000| Untracked 
| 659|0x0000000724c00000, 0x0000000724c00000, 0x0000000725000000|  0%| F|  |TAMS 0x0000000724c00000, 0x0000000724c00000| Untracked 
| 660|0x0000000725000000, 0x0000000725000000, 0x0000000725400000|  0%| F|  |TAMS 0x0000000725000000, 0x0000000725000000| Untracked 
| 661|0x0000000725400000, 0x0000000725400000, 0x0000000725800000|  0%| F|  |TAMS 0x0000000725400000, 0x0000000725400000| Untracked 
| 662|0x0000000725800000, 0x0000000725800000, 0x0000000725c00000|  0%| F|  |TAMS 0x0000000725800000, 0x0000000725800000| Untracked 
| 663|0x0000000725c00000, 0x0000000725c00000, 0x0000000726000000|  0%| F|  |TAMS 0x0000000725c00000, 0x0000000725c00000| Untracked 
| 664|0x0000000726000000, 0x0000000726000000, 0x0000000726400000|  0%| F|  |TAMS 0x0000000726000000, 0x0000000726000000| Untracked 
| 665|0x0000000726400000, 0x0000000726400000, 0x0000000726800000|  0%| F|  |TAMS 0x0000000726400000, 0x0000000726400000| Untracked 
| 666|0x0000000726800000, 0x0000000726800000, 0x0000000726c00000|  0%| F|  |TAMS 0x0000000726800000, 0x0000000726800000| Untracked 
| 667|0x0000000726c00000, 0x0000000726c00000, 0x0000000727000000|  0%| F|  |TAMS 0x0000000726c00000, 0x0000000726c00000| Untracked 
| 668|0x0000000727000000, 0x0000000727000000, 0x0000000727400000|  0%| F|  |TAMS 0x0000000727000000, 0x0000000727000000| Untracked 
| 669|0x0000000727400000, 0x0000000727400000, 0x0000000727800000|  0%| F|  |TAMS 0x0000000727400000, 0x0000000727400000| Untracked 
| 670|0x0000000727800000, 0x0000000727800000, 0x0000000727c00000|  0%| F|  |TAMS 0x0000000727800000, 0x0000000727800000| Untracked 
| 671|0x0000000727c00000, 0x0000000727c00000, 0x0000000728000000|  0%| F|  |TAMS 0x0000000727c00000, 0x0000000727c00000| Untracked 
| 672|0x0000000728000000, 0x0000000728000000, 0x0000000728400000|  0%| F|  |TAMS 0x0000000728000000, 0x0000000728000000| Untracked 
| 673|0x0000000728400000, 0x0000000728400000, 0x0000000728800000|  0%| F|  |TAMS 0x0000000728400000, 0x0000000728400000| Untracked 
| 674|0x0000000728800000, 0x0000000728800000, 0x0000000728c00000|  0%| F|  |TAMS 0x0000000728800000, 0x0000000728800000| Untracked 
| 675|0x0000000728c00000, 0x0000000728c00000, 0x0000000729000000|  0%| F|  |TAMS 0x0000000728c00000, 0x0000000728c00000| Untracked 
| 676|0x0000000729000000, 0x0000000729000000, 0x0000000729400000|  0%| F|  |TAMS 0x0000000729000000, 0x0000000729000000| Untracked 
| 677|0x0000000729400000, 0x0000000729400000, 0x0000000729800000|  0%| F|  |TAMS 0x0000000729400000, 0x0000000729400000| Untracked 
| 678|0x0000000729800000, 0x0000000729800000, 0x0000000729c00000|  0%| F|  |TAMS 0x0000000729800000, 0x0000000729800000| Untracked 
| 679|0x0000000729c00000, 0x0000000729c00000, 0x000000072a000000|  0%| F|  |TAMS 0x0000000729c00000, 0x0000000729c00000| Untracked 
| 680|0x000000072a000000, 0x000000072a000000, 0x000000072a400000|  0%| F|  |TAMS 0x000000072a000000, 0x000000072a000000| Untracked 
| 681|0x000000072a400000, 0x000000072a400000, 0x000000072a800000|  0%| F|  |TAMS 0x000000072a400000, 0x000000072a400000| Untracked 
| 682|0x000000072a800000, 0x000000072a800000, 0x000000072ac00000|  0%| F|  |TAMS 0x000000072a800000, 0x000000072a800000| Untracked 
| 683|0x000000072ac00000, 0x000000072ac00000, 0x000000072b000000|  0%| F|  |TAMS 0x000000072ac00000, 0x000000072ac00000| Untracked 
| 684|0x000000072b000000, 0x000000072b000000, 0x000000072b400000|  0%| F|  |TAMS 0x000000072b000000, 0x000000072b000000| Untracked 
| 685|0x000000072b400000, 0x000000072b400000, 0x000000072b800000|  0%| F|  |TAMS 0x000000072b400000, 0x000000072b400000| Untracked 
| 686|0x000000072b800000, 0x000000072b800000, 0x000000072bc00000|  0%| F|  |TAMS 0x000000072b800000, 0x000000072b800000| Untracked 
| 687|0x000000072bc00000, 0x000000072bc00000, 0x000000072c000000|  0%| F|  |TAMS 0x000000072bc00000, 0x000000072bc00000| Untracked 
| 688|0x000000072c000000, 0x000000072c000000, 0x000000072c400000|  0%| F|  |TAMS 0x000000072c000000, 0x000000072c000000| Untracked 
| 689|0x000000072c400000, 0x000000072c400000, 0x000000072c800000|  0%| F|  |TAMS 0x000000072c400000, 0x000000072c400000| Untracked 
| 690|0x000000072c800000, 0x000000072c800000, 0x000000072cc00000|  0%| F|  |TAMS 0x000000072c800000, 0x000000072c800000| Untracked 
| 691|0x000000072cc00000, 0x000000072cc00000, 0x000000072d000000|  0%| F|  |TAMS 0x000000072cc00000, 0x000000072cc00000| Untracked 
| 692|0x000000072d000000, 0x000000072d000000, 0x000000072d400000|  0%| F|  |TAMS 0x000000072d000000, 0x000000072d000000| Untracked 
| 693|0x000000072d400000, 0x000000072d400000, 0x000000072d800000|  0%| F|  |TAMS 0x000000072d400000, 0x000000072d400000| Untracked 
| 694|0x000000072d800000, 0x000000072d800000, 0x000000072dc00000|  0%| F|  |TAMS 0x000000072d800000, 0x000000072d800000| Untracked 
| 695|0x000000072dc00000, 0x000000072dc00000, 0x000000072e000000|  0%| F|  |TAMS 0x000000072dc00000, 0x000000072dc00000| Untracked 
| 696|0x000000072e000000, 0x000000072e000000, 0x000000072e400000|  0%| F|  |TAMS 0x000000072e000000, 0x000000072e000000| Untracked 
| 697|0x000000072e400000, 0x000000072e400000, 0x000000072e800000|  0%| F|  |TAMS 0x000000072e400000, 0x000000072e400000| Untracked 
| 698|0x000000072e800000, 0x000000072e800000, 0x000000072ec00000|  0%| F|  |TAMS 0x000000072e800000, 0x000000072e800000| Untracked 
| 699|0x000000072ec00000, 0x000000072ec00000, 0x000000072f000000|  0%| F|  |TAMS 0x000000072ec00000, 0x000000072ec00000| Untracked 
| 700|0x000000072f000000, 0x000000072f000000, 0x000000072f400000|  0%| F|  |TAMS 0x000000072f000000, 0x000000072f000000| Untracked 
| 701|0x000000072f400000, 0x000000072f400000, 0x000000072f800000|  0%| F|  |TAMS 0x000000072f400000, 0x000000072f400000| Untracked 
| 702|0x000000072f800000, 0x000000072f800000, 0x000000072fc00000|  0%| F|  |TAMS 0x000000072f800000, 0x000000072f800000| Untracked 
| 703|0x000000072fc00000, 0x000000072fc00000, 0x0000000730000000|  0%| F|  |TAMS 0x000000072fc00000, 0x000000072fc00000| Untracked 
| 704|0x0000000730000000, 0x0000000730000000, 0x0000000730400000|  0%| F|  |TAMS 0x0000000730000000, 0x0000000730000000| Untracked 
| 705|0x0000000730400000, 0x0000000730400000, 0x0000000730800000|  0%| F|  |TAMS 0x0000000730400000, 0x0000000730400000| Untracked 
| 706|0x0000000730800000, 0x0000000730800000, 0x0000000730c00000|  0%| F|  |TAMS 0x0000000730800000, 0x0000000730800000| Untracked 
| 707|0x0000000730c00000, 0x0000000730c00000, 0x0000000731000000|  0%| F|  |TAMS 0x0000000730c00000, 0x0000000730c00000| Untracked 
| 708|0x0000000731000000, 0x0000000731000000, 0x0000000731400000|  0%| F|  |TAMS 0x0000000731000000, 0x0000000731000000| Untracked 
| 709|0x0000000731400000, 0x0000000731400000, 0x0000000731800000|  0%| F|  |TAMS 0x0000000731400000, 0x0000000731400000| Untracked 
| 710|0x0000000731800000, 0x0000000731800000, 0x0000000731c00000|  0%| F|  |TAMS 0x0000000731800000, 0x0000000731800000| Untracked 
| 711|0x0000000731c00000, 0x0000000731c00000, 0x0000000732000000|  0%| F|  |TAMS 0x0000000731c00000, 0x0000000731c00000| Untracked 
| 712|0x0000000732000000, 0x0000000732000000, 0x0000000732400000|  0%| F|  |TAMS 0x0000000732000000, 0x0000000732000000| Untracked 
| 713|0x0000000732400000, 0x0000000732400000, 0x0000000732800000|  0%| F|  |TAMS 0x0000000732400000, 0x0000000732400000| Untracked 
| 714|0x0000000732800000, 0x0000000732800000, 0x0000000732c00000|  0%| F|  |TAMS 0x0000000732800000, 0x0000000732800000| Untracked 
| 715|0x0000000732c00000, 0x0000000732c00000, 0x0000000733000000|  0%| F|  |TAMS 0x0000000732c00000, 0x0000000732c00000| Untracked 
| 716|0x0000000733000000, 0x0000000733000000, 0x0000000733400000|  0%| F|  |TAMS 0x0000000733000000, 0x0000000733000000| Untracked 
| 717|0x0000000733400000, 0x0000000733400000, 0x0000000733800000|  0%| F|  |TAMS 0x0000000733400000, 0x0000000733400000| Untracked 
| 718|0x0000000733800000, 0x0000000733800000, 0x0000000733c00000|  0%| F|  |TAMS 0x0000000733800000, 0x0000000733800000| Untracked 
| 719|0x0000000733c00000, 0x0000000733c00000, 0x0000000734000000|  0%| F|  |TAMS 0x0000000733c00000, 0x0000000733c00000| Untracked 
| 720|0x0000000734000000, 0x0000000734000000, 0x0000000734400000|  0%| F|  |TAMS 0x0000000734000000, 0x0000000734000000| Untracked 
| 721|0x0000000734400000, 0x0000000734400000, 0x0000000734800000|  0%| F|  |TAMS 0x0000000734400000, 0x0000000734400000| Untracked 
| 722|0x0000000734800000, 0x0000000734800000, 0x0000000734c00000|  0%| F|  |TAMS 0x0000000734800000, 0x0000000734800000| Untracked 
| 723|0x0000000734c00000, 0x0000000734c00000, 0x0000000735000000|  0%| F|  |TAMS 0x0000000734c00000, 0x0000000734c00000| Untracked 
| 724|0x0000000735000000, 0x0000000735000000, 0x0000000735400000|  0%| F|  |TAMS 0x0000000735000000, 0x0000000735000000| Untracked 
| 725|0x0000000735400000, 0x0000000735400000, 0x0000000735800000|  0%| F|  |TAMS 0x0000000735400000, 0x0000000735400000| Untracked 
| 726|0x0000000735800000, 0x0000000735800000, 0x0000000735c00000|  0%| F|  |TAMS 0x0000000735800000, 0x0000000735800000| Untracked 
| 727|0x0000000735c00000, 0x0000000735c00000, 0x0000000736000000|  0%| F|  |TAMS 0x0000000735c00000, 0x0000000735c00000| Untracked 
| 728|0x0000000736000000, 0x0000000736000000, 0x0000000736400000|  0%| F|  |TAMS 0x0000000736000000, 0x0000000736000000| Untracked 
| 729|0x0000000736400000, 0x0000000736400000, 0x0000000736800000|  0%| F|  |TAMS 0x0000000736400000, 0x0000000736400000| Untracked 
| 730|0x0000000736800000, 0x0000000736800000, 0x0000000736c00000|  0%| F|  |TAMS 0x0000000736800000, 0x0000000736800000| Untracked 
| 731|0x0000000736c00000, 0x0000000736c00000, 0x0000000737000000|  0%| F|  |TAMS 0x0000000736c00000, 0x0000000736c00000| Untracked 
| 732|0x0000000737000000, 0x0000000737000000, 0x0000000737400000|  0%| F|  |TAMS 0x0000000737000000, 0x0000000737000000| Untracked 
| 733|0x0000000737400000, 0x0000000737400000, 0x0000000737800000|  0%| F|  |TAMS 0x0000000737400000, 0x0000000737400000| Untracked 
| 734|0x0000000737800000, 0x0000000737800000, 0x0000000737c00000|  0%| F|  |TAMS 0x0000000737800000, 0x0000000737800000| Untracked 
| 735|0x0000000737c00000, 0x0000000737c00000, 0x0000000738000000|  0%| F|  |TAMS 0x0000000737c00000, 0x0000000737c00000| Untracked 
| 736|0x0000000738000000, 0x0000000738000000, 0x0000000738400000|  0%| F|  |TAMS 0x0000000738000000, 0x0000000738000000| Untracked 
| 737|0x0000000738400000, 0x0000000738400000, 0x0000000738800000|  0%| F|  |TAMS 0x0000000738400000, 0x0000000738400000| Untracked 
| 738|0x0000000738800000, 0x0000000738800000, 0x0000000738c00000|  0%| F|  |TAMS 0x0000000738800000, 0x0000000738800000| Untracked 
| 739|0x0000000738c00000, 0x0000000738c00000, 0x0000000739000000|  0%| F|  |TAMS 0x0000000738c00000, 0x0000000738c00000| Untracked 
| 740|0x0000000739000000, 0x0000000739000000, 0x0000000739400000|  0%| F|  |TAMS 0x0000000739000000, 0x0000000739000000| Untracked 
| 741|0x0000000739400000, 0x0000000739400000, 0x0000000739800000|  0%| F|  |TAMS 0x0000000739400000, 0x0000000739400000| Untracked 
| 742|0x0000000739800000, 0x0000000739800000, 0x0000000739c00000|  0%| F|  |TAMS 0x0000000739800000, 0x0000000739800000| Untracked 
| 743|0x0000000739c00000, 0x0000000739c00000, 0x000000073a000000|  0%| F|  |TAMS 0x0000000739c00000, 0x0000000739c00000| Untracked 
| 744|0x000000073a000000, 0x000000073a000000, 0x000000073a400000|  0%| F|  |TAMS 0x000000073a000000, 0x000000073a000000| Untracked 
| 745|0x000000073a400000, 0x000000073a400000, 0x000000073a800000|  0%| F|  |TAMS 0x000000073a400000, 0x000000073a400000| Untracked 
| 746|0x000000073a800000, 0x000000073a800000, 0x000000073ac00000|  0%| F|  |TAMS 0x000000073a800000, 0x000000073a800000| Untracked 
| 747|0x000000073ac00000, 0x000000073ac00000, 0x000000073b000000|  0%| F|  |TAMS 0x000000073ac00000, 0x000000073ac00000| Untracked 
| 748|0x000000073b000000, 0x000000073b000000, 0x000000073b400000|  0%| F|  |TAMS 0x000000073b000000, 0x000000073b000000| Untracked 
| 749|0x000000073b400000, 0x000000073b400000, 0x000000073b800000|  0%| F|  |TAMS 0x000000073b400000, 0x000000073b400000| Untracked 
| 750|0x000000073b800000, 0x000000073b800000, 0x000000073bc00000|  0%| F|  |TAMS 0x000000073b800000, 0x000000073b800000| Untracked 
| 751|0x000000073bc00000, 0x000000073bc00000, 0x000000073c000000|  0%| F|  |TAMS 0x000000073bc00000, 0x000000073bc00000| Untracked 
| 752|0x000000073c000000, 0x000000073c000000, 0x000000073c400000|  0%| F|  |TAMS 0x000000073c000000, 0x000000073c000000| Untracked 
| 753|0x000000073c400000, 0x000000073c400000, 0x000000073c800000|  0%| F|  |TAMS 0x000000073c400000, 0x000000073c400000| Untracked 
| 754|0x000000073c800000, 0x000000073c800000, 0x000000073cc00000|  0%| F|  |TAMS 0x000000073c800000, 0x000000073c800000| Untracked 
| 755|0x000000073cc00000, 0x000000073cc00000, 0x000000073d000000|  0%| F|  |TAMS 0x000000073cc00000, 0x000000073cc00000| Untracked 
| 756|0x000000073d000000, 0x000000073d000000, 0x000000073d400000|  0%| F|  |TAMS 0x000000073d000000, 0x000000073d000000| Untracked 
| 757|0x000000073d400000, 0x000000073d400000, 0x000000073d800000|  0%| F|  |TAMS 0x000000073d400000, 0x000000073d400000| Untracked 
| 758|0x000000073d800000, 0x000000073d800000, 0x000000073dc00000|  0%| F|  |TAMS 0x000000073d800000, 0x000000073d800000| Untracked 
| 759|0x000000073dc00000, 0x000000073dc00000, 0x000000073e000000|  0%| F|  |TAMS 0x000000073dc00000, 0x000000073dc00000| Untracked 
| 760|0x000000073e000000, 0x000000073e000000, 0x000000073e400000|  0%| F|  |TAMS 0x000000073e000000, 0x000000073e000000| Untracked 
| 761|0x000000073e400000, 0x000000073e400000, 0x000000073e800000|  0%| F|  |TAMS 0x000000073e400000, 0x000000073e400000| Untracked 
| 762|0x000000073e800000, 0x000000073e800000, 0x000000073ec00000|  0%| F|  |TAMS 0x000000073e800000, 0x000000073e800000| Untracked 
| 763|0x000000073ec00000, 0x000000073ec00000, 0x000000073f000000|  0%| F|  |TAMS 0x000000073ec00000, 0x000000073ec00000| Untracked 
| 764|0x000000073f000000, 0x000000073f000000, 0x000000073f400000|  0%| F|  |TAMS 0x000000073f000000, 0x000000073f000000| Untracked 
| 765|0x000000073f400000, 0x000000073f400000, 0x000000073f800000|  0%| F|  |TAMS 0x000000073f400000, 0x000000073f400000| Untracked 
| 766|0x000000073f800000, 0x000000073f800000, 0x000000073fc00000|  0%| F|  |TAMS 0x000000073f800000, 0x000000073f800000| Untracked 
| 767|0x000000073fc00000, 0x000000073fc00000, 0x0000000740000000|  0%| F|  |TAMS 0x000000073fc00000, 0x000000073fc00000| Untracked 
| 768|0x0000000740000000, 0x0000000740000000, 0x0000000740400000|  0%| F|  |TAMS 0x0000000740000000, 0x0000000740000000| Untracked 
| 769|0x0000000740400000, 0x0000000740400000, 0x0000000740800000|  0%| F|  |TAMS 0x0000000740400000, 0x0000000740400000| Untracked 
| 770|0x0000000740800000, 0x0000000740800000, 0x0000000740c00000|  0%| F|  |TAMS 0x0000000740800000, 0x0000000740800000| Untracked 
| 771|0x0000000740c00000, 0x0000000740c00000, 0x0000000741000000|  0%| F|  |TAMS 0x0000000740c00000, 0x0000000740c00000| Untracked 
| 772|0x0000000741000000, 0x0000000741000000, 0x0000000741400000|  0%| F|  |TAMS 0x0000000741000000, 0x0000000741000000| Untracked 
| 773|0x0000000741400000, 0x0000000741400000, 0x0000000741800000|  0%| F|  |TAMS 0x0000000741400000, 0x0000000741400000| Untracked 
| 774|0x0000000741800000, 0x0000000741800000, 0x0000000741c00000|  0%| F|  |TAMS 0x0000000741800000, 0x0000000741800000| Untracked 
| 775|0x0000000741c00000, 0x0000000741c00000, 0x0000000742000000|  0%| F|  |TAMS 0x0000000741c00000, 0x0000000741c00000| Untracked 
| 776|0x0000000742000000, 0x0000000742000000, 0x0000000742400000|  0%| F|  |TAMS 0x0000000742000000, 0x0000000742000000| Untracked 
| 777|0x0000000742400000, 0x0000000742400000, 0x0000000742800000|  0%| F|  |TAMS 0x0000000742400000, 0x0000000742400000| Untracked 
| 778|0x0000000742800000, 0x0000000742800000, 0x0000000742c00000|  0%| F|  |TAMS 0x0000000742800000, 0x0000000742800000| Untracked 
| 779|0x0000000742c00000, 0x0000000742c00000, 0x0000000743000000|  0%| F|  |TAMS 0x0000000742c00000, 0x0000000742c00000| Untracked 
| 780|0x0000000743000000, 0x0000000743000000, 0x0000000743400000|  0%| F|  |TAMS 0x0000000743000000, 0x0000000743000000| Untracked 
| 781|0x0000000743400000, 0x0000000743400000, 0x0000000743800000|  0%| F|  |TAMS 0x0000000743400000, 0x0000000743400000| Untracked 
| 782|0x0000000743800000, 0x0000000743800000, 0x0000000743c00000|  0%| F|  |TAMS 0x0000000743800000, 0x0000000743800000| Untracked 
| 783|0x0000000743c00000, 0x0000000743c00000, 0x0000000744000000|  0%| F|  |TAMS 0x0000000743c00000, 0x0000000743c00000| Untracked 
| 784|0x0000000744000000, 0x0000000744000000, 0x0000000744400000|  0%| F|  |TAMS 0x0000000744000000, 0x0000000744000000| Untracked 
| 785|0x0000000744400000, 0x0000000744400000, 0x0000000744800000|  0%| F|  |TAMS 0x0000000744400000, 0x0000000744400000| Untracked 
| 786|0x0000000744800000, 0x0000000744800000, 0x0000000744c00000|  0%| F|  |TAMS 0x0000000744800000, 0x0000000744800000| Untracked 
| 787|0x0000000744c00000, 0x0000000744c00000, 0x0000000745000000|  0%| F|  |TAMS 0x0000000744c00000, 0x0000000744c00000| Untracked 
| 788|0x0000000745000000, 0x0000000745000000, 0x0000000745400000|  0%| F|  |TAMS 0x0000000745000000, 0x0000000745000000| Untracked 
| 789|0x0000000745400000, 0x0000000745400000, 0x0000000745800000|  0%| F|  |TAMS 0x0000000745400000, 0x0000000745400000| Untracked 
| 790|0x0000000745800000, 0x0000000745800000, 0x0000000745c00000|  0%| F|  |TAMS 0x0000000745800000, 0x0000000745800000| Untracked 
| 791|0x0000000745c00000, 0x0000000745c00000, 0x0000000746000000|  0%| F|  |TAMS 0x0000000745c00000, 0x0000000745c00000| Untracked 
| 792|0x0000000746000000, 0x0000000746000000, 0x0000000746400000|  0%| F|  |TAMS 0x0000000746000000, 0x0000000746000000| Untracked 
| 793|0x0000000746400000, 0x0000000746400000, 0x0000000746800000|  0%| F|  |TAMS 0x0000000746400000, 0x0000000746400000| Untracked 
| 794|0x0000000746800000, 0x0000000746800000, 0x0000000746c00000|  0%| F|  |TAMS 0x0000000746800000, 0x0000000746800000| Untracked 
| 795|0x0000000746c00000, 0x0000000746c00000, 0x0000000747000000|  0%| F|  |TAMS 0x0000000746c00000, 0x0000000746c00000| Untracked 
| 796|0x0000000747000000, 0x0000000747000000, 0x0000000747400000|  0%| F|  |TAMS 0x0000000747000000, 0x0000000747000000| Untracked 
| 797|0x0000000747400000, 0x0000000747400000, 0x0000000747800000|  0%| F|  |TAMS 0x0000000747400000, 0x0000000747400000| Untracked 
| 798|0x0000000747800000, 0x0000000747800000, 0x0000000747c00000|  0%| F|  |TAMS 0x0000000747800000, 0x0000000747800000| Untracked 
| 799|0x0000000747c00000, 0x0000000747c00000, 0x0000000748000000|  0%| F|  |TAMS 0x0000000747c00000, 0x0000000747c00000| Untracked 
| 800|0x0000000748000000, 0x0000000748000000, 0x0000000748400000|  0%| F|  |TAMS 0x0000000748000000, 0x0000000748000000| Untracked 
| 801|0x0000000748400000, 0x0000000748400000, 0x0000000748800000|  0%| F|  |TAMS 0x0000000748400000, 0x0000000748400000| Untracked 
| 802|0x0000000748800000, 0x0000000748800000, 0x0000000748c00000|  0%| F|  |TAMS 0x0000000748800000, 0x0000000748800000| Untracked 
| 803|0x0000000748c00000, 0x0000000748c00000, 0x0000000749000000|  0%| F|  |TAMS 0x0000000748c00000, 0x0000000748c00000| Untracked 
| 804|0x0000000749000000, 0x0000000749000000, 0x0000000749400000|  0%| F|  |TAMS 0x0000000749000000, 0x0000000749000000| Untracked 
| 805|0x0000000749400000, 0x0000000749400000, 0x0000000749800000|  0%| F|  |TAMS 0x0000000749400000, 0x0000000749400000| Untracked 
| 806|0x0000000749800000, 0x0000000749800000, 0x0000000749c00000|  0%| F|  |TAMS 0x0000000749800000, 0x0000000749800000| Untracked 
| 807|0x0000000749c00000, 0x0000000749c00000, 0x000000074a000000|  0%| F|  |TAMS 0x0000000749c00000, 0x0000000749c00000| Untracked 
| 808|0x000000074a000000, 0x000000074a000000, 0x000000074a400000|  0%| F|  |TAMS 0x000000074a000000, 0x000000074a000000| Untracked 
| 809|0x000000074a400000, 0x000000074a400000, 0x000000074a800000|  0%| F|  |TAMS 0x000000074a400000, 0x000000074a400000| Untracked 
| 810|0x000000074a800000, 0x000000074a800000, 0x000000074ac00000|  0%| F|  |TAMS 0x000000074a800000, 0x000000074a800000| Untracked 
| 811|0x000000074ac00000, 0x000000074ac00000, 0x000000074b000000|  0%| F|  |TAMS 0x000000074ac00000, 0x000000074ac00000| Untracked 
| 812|0x000000074b000000, 0x000000074b000000, 0x000000074b400000|  0%| F|  |TAMS 0x000000074b000000, 0x000000074b000000| Untracked 
| 813|0x000000074b400000, 0x000000074b400000, 0x000000074b800000|  0%| F|  |TAMS 0x000000074b400000, 0x000000074b400000| Untracked 
| 814|0x000000074b800000, 0x000000074b800000, 0x000000074bc00000|  0%| F|  |TAMS 0x000000074b800000, 0x000000074b800000| Untracked 
| 815|0x000000074bc00000, 0x000000074bc00000, 0x000000074c000000|  0%| F|  |TAMS 0x000000074bc00000, 0x000000074bc00000| Untracked 
| 816|0x000000074c000000, 0x000000074c000000, 0x000000074c400000|  0%| F|  |TAMS 0x000000074c000000, 0x000000074c000000| Untracked 
| 817|0x000000074c400000, 0x000000074c400000, 0x000000074c800000|  0%| F|  |TAMS 0x000000074c400000, 0x000000074c400000| Untracked 
| 818|0x000000074c800000, 0x000000074c800000, 0x000000074cc00000|  0%| F|  |TAMS 0x000000074c800000, 0x000000074c800000| Untracked 
| 819|0x000000074cc00000, 0x000000074cc00000, 0x000000074d000000|  0%| F|  |TAMS 0x000000074cc00000, 0x000000074cc00000| Untracked 
| 820|0x000000074d000000, 0x000000074d000000, 0x000000074d400000|  0%| F|  |TAMS 0x000000074d000000, 0x000000074d000000| Untracked 
| 821|0x000000074d400000, 0x000000074d400000, 0x000000074d800000|  0%| F|  |TAMS 0x000000074d400000, 0x000000074d400000| Untracked 
| 822|0x000000074d800000, 0x000000074d800000, 0x000000074dc00000|  0%| F|  |TAMS 0x000000074d800000, 0x000000074d800000| Untracked 
| 823|0x000000074dc00000, 0x000000074dc00000, 0x000000074e000000|  0%| F|  |TAMS 0x000000074dc00000, 0x000000074dc00000| Untracked 
| 824|0x000000074e000000, 0x000000074e000000, 0x000000074e400000|  0%| F|  |TAMS 0x000000074e000000, 0x000000074e000000| Untracked 
| 825|0x000000074e400000, 0x000000074e400000, 0x000000074e800000|  0%| F|  |TAMS 0x000000074e400000, 0x000000074e400000| Untracked 
| 826|0x000000074e800000, 0x000000074e800000, 0x000000074ec00000|  0%| F|  |TAMS 0x000000074e800000, 0x000000074e800000| Untracked 
| 827|0x000000074ec00000, 0x000000074ec00000, 0x000000074f000000|  0%| F|  |TAMS 0x000000074ec00000, 0x000000074ec00000| Untracked 
| 828|0x000000074f000000, 0x000000074f000000, 0x000000074f400000|  0%| F|  |TAMS 0x000000074f000000, 0x000000074f000000| Untracked 
| 829|0x000000074f400000, 0x000000074f400000, 0x000000074f800000|  0%| F|  |TAMS 0x000000074f400000, 0x000000074f400000| Untracked 
| 830|0x000000074f800000, 0x000000074f800000, 0x000000074fc00000|  0%| F|  |TAMS 0x000000074f800000, 0x000000074f800000| Untracked 
| 831|0x000000074fc00000, 0x000000074fc00000, 0x0000000750000000|  0%| F|  |TAMS 0x000000074fc00000, 0x000000074fc00000| Untracked 
| 832|0x0000000750000000, 0x0000000750000000, 0x0000000750400000|  0%| F|  |TAMS 0x0000000750000000, 0x0000000750000000| Untracked 
| 833|0x0000000750400000, 0x0000000750400000, 0x0000000750800000|  0%| F|  |TAMS 0x0000000750400000, 0x0000000750400000| Untracked 
| 834|0x0000000750800000, 0x0000000750800000, 0x0000000750c00000|  0%| F|  |TAMS 0x0000000750800000, 0x0000000750800000| Untracked 
| 835|0x0000000750c00000, 0x0000000750c00000, 0x0000000751000000|  0%| F|  |TAMS 0x0000000750c00000, 0x0000000750c00000| Untracked 
| 836|0x0000000751000000, 0x0000000751000000, 0x0000000751400000|  0%| F|  |TAMS 0x0000000751000000, 0x0000000751000000| Untracked 
| 837|0x0000000751400000, 0x0000000751400000, 0x0000000751800000|  0%| F|  |TAMS 0x0000000751400000, 0x0000000751400000| Untracked 
| 838|0x0000000751800000, 0x0000000751800000, 0x0000000751c00000|  0%| F|  |TAMS 0x0000000751800000, 0x0000000751800000| Untracked 
| 839|0x0000000751c00000, 0x0000000751c00000, 0x0000000752000000|  0%| F|  |TAMS 0x0000000751c00000, 0x0000000751c00000| Untracked 
| 840|0x0000000752000000, 0x0000000752000000, 0x0000000752400000|  0%| F|  |TAMS 0x0000000752000000, 0x0000000752000000| Untracked 
| 841|0x0000000752400000, 0x0000000752400000, 0x0000000752800000|  0%| F|  |TAMS 0x0000000752400000, 0x0000000752400000| Untracked 
| 842|0x0000000752800000, 0x0000000752800000, 0x0000000752c00000|  0%| F|  |TAMS 0x0000000752800000, 0x0000000752800000| Untracked 
| 843|0x0000000752c00000, 0x0000000752c00000, 0x0000000753000000|  0%| F|  |TAMS 0x0000000752c00000, 0x0000000752c00000| Untracked 
| 844|0x0000000753000000, 0x0000000753000000, 0x0000000753400000|  0%| F|  |TAMS 0x0000000753000000, 0x0000000753000000| Untracked 
| 845|0x0000000753400000, 0x0000000753400000, 0x0000000753800000|  0%| F|  |TAMS 0x0000000753400000, 0x0000000753400000| Untracked 
| 846|0x0000000753800000, 0x0000000753800000, 0x0000000753c00000|  0%| F|  |TAMS 0x0000000753800000, 0x0000000753800000| Untracked 
| 847|0x0000000753c00000, 0x0000000753c00000, 0x0000000754000000|  0%| F|  |TAMS 0x0000000753c00000, 0x0000000753c00000| Untracked 
| 848|0x0000000754000000, 0x0000000754000000, 0x0000000754400000|  0%| F|  |TAMS 0x0000000754000000, 0x0000000754000000| Untracked 
| 849|0x0000000754400000, 0x0000000754400000, 0x0000000754800000|  0%| F|  |TAMS 0x0000000754400000, 0x0000000754400000| Untracked 
| 850|0x0000000754800000, 0x0000000754800000, 0x0000000754c00000|  0%| F|  |TAMS 0x0000000754800000, 0x0000000754800000| Untracked 
| 851|0x0000000754c00000, 0x0000000754c00000, 0x0000000755000000|  0%| F|  |TAMS 0x0000000754c00000, 0x0000000754c00000| Untracked 
| 852|0x0000000755000000, 0x0000000755000000, 0x0000000755400000|  0%| F|  |TAMS 0x0000000755000000, 0x0000000755000000| Untracked 
| 853|0x0000000755400000, 0x0000000755400000, 0x0000000755800000|  0%| F|  |TAMS 0x0000000755400000, 0x0000000755400000| Untracked 
| 854|0x0000000755800000, 0x0000000755800000, 0x0000000755c00000|  0%| F|  |TAMS 0x0000000755800000, 0x0000000755800000| Untracked 
| 855|0x0000000755c00000, 0x0000000755c00000, 0x0000000756000000|  0%| F|  |TAMS 0x0000000755c00000, 0x0000000755c00000| Untracked 
| 856|0x0000000756000000, 0x0000000756000000, 0x0000000756400000|  0%| F|  |TAMS 0x0000000756000000, 0x0000000756000000| Untracked 
| 857|0x0000000756400000, 0x0000000756400000, 0x0000000756800000|  0%| F|  |TAMS 0x0000000756400000, 0x0000000756400000| Untracked 
| 858|0x0000000756800000, 0x0000000756800000, 0x0000000756c00000|  0%| F|  |TAMS 0x0000000756800000, 0x0000000756800000| Untracked 
| 859|0x0000000756c00000, 0x0000000756c00000, 0x0000000757000000|  0%| F|  |TAMS 0x0000000756c00000, 0x0000000756c00000| Untracked 
| 860|0x0000000757000000, 0x0000000757000000, 0x0000000757400000|  0%| F|  |TAMS 0x0000000757000000, 0x0000000757000000| Untracked 
| 861|0x0000000757400000, 0x0000000757400000, 0x0000000757800000|  0%| F|  |TAMS 0x0000000757400000, 0x0000000757400000| Untracked 
| 862|0x0000000757800000, 0x0000000757800000, 0x0000000757c00000|  0%| F|  |TAMS 0x0000000757800000, 0x0000000757800000| Untracked 
| 863|0x0000000757c00000, 0x0000000757c00000, 0x0000000758000000|  0%| F|  |TAMS 0x0000000757c00000, 0x0000000757c00000| Untracked 
| 864|0x0000000758000000, 0x0000000758000000, 0x0000000758400000|  0%| F|  |TAMS 0x0000000758000000, 0x0000000758000000| Untracked 
| 865|0x0000000758400000, 0x0000000758400000, 0x0000000758800000|  0%| F|  |TAMS 0x0000000758400000, 0x0000000758400000| Untracked 
| 866|0x0000000758800000, 0x0000000758800000, 0x0000000758c00000|  0%| F|  |TAMS 0x0000000758800000, 0x0000000758800000| Untracked 
| 867|0x0000000758c00000, 0x0000000758c00000, 0x0000000759000000|  0%| F|  |TAMS 0x0000000758c00000, 0x0000000758c00000| Untracked 
| 868|0x0000000759000000, 0x0000000759000000, 0x0000000759400000|  0%| F|  |TAMS 0x0000000759000000, 0x0000000759000000| Untracked 
| 869|0x0000000759400000, 0x0000000759400000, 0x0000000759800000|  0%| F|  |TAMS 0x0000000759400000, 0x0000000759400000| Untracked 
| 870|0x0000000759800000, 0x0000000759800000, 0x0000000759c00000|  0%| F|  |TAMS 0x0000000759800000, 0x0000000759800000| Untracked 
| 871|0x0000000759c00000, 0x0000000759c00000, 0x000000075a000000|  0%| F|  |TAMS 0x0000000759c00000, 0x0000000759c00000| Untracked 
| 872|0x000000075a000000, 0x000000075a000000, 0x000000075a400000|  0%| F|  |TAMS 0x000000075a000000, 0x000000075a000000| Untracked 
| 873|0x000000075a400000, 0x000000075a400000, 0x000000075a800000|  0%| F|  |TAMS 0x000000075a400000, 0x000000075a400000| Untracked 
| 874|0x000000075a800000, 0x000000075a800000, 0x000000075ac00000|  0%| F|  |TAMS 0x000000075a800000, 0x000000075a800000| Untracked 
| 875|0x000000075ac00000, 0x000000075ac00000, 0x000000075b000000|  0%| F|  |TAMS 0x000000075ac00000, 0x000000075ac00000| Untracked 
| 876|0x000000075b000000, 0x000000075b000000, 0x000000075b400000|  0%| F|  |TAMS 0x000000075b000000, 0x000000075b000000| Untracked 
| 877|0x000000075b400000, 0x000000075b400000, 0x000000075b800000|  0%| F|  |TAMS 0x000000075b400000, 0x000000075b400000| Untracked 
| 878|0x000000075b800000, 0x000000075b800000, 0x000000075bc00000|  0%| F|  |TAMS 0x000000075b800000, 0x000000075b800000| Untracked 
| 879|0x000000075bc00000, 0x000000075bc00000, 0x000000075c000000|  0%| F|  |TAMS 0x000000075bc00000, 0x000000075bc00000| Untracked 
| 880|0x000000075c000000, 0x000000075c000000, 0x000000075c400000|  0%| F|  |TAMS 0x000000075c000000, 0x000000075c000000| Untracked 
| 881|0x000000075c400000, 0x000000075c400000, 0x000000075c800000|  0%| F|  |TAMS 0x000000075c400000, 0x000000075c400000| Untracked 
| 882|0x000000075c800000, 0x000000075c800000, 0x000000075cc00000|  0%| F|  |TAMS 0x000000075c800000, 0x000000075c800000| Untracked 
| 883|0x000000075cc00000, 0x000000075cc00000, 0x000000075d000000|  0%| F|  |TAMS 0x000000075cc00000, 0x000000075cc00000| Untracked 
| 884|0x000000075d000000, 0x000000075d000000, 0x000000075d400000|  0%| F|  |TAMS 0x000000075d000000, 0x000000075d000000| Untracked 
| 885|0x000000075d400000, 0x000000075d400000, 0x000000075d800000|  0%| F|  |TAMS 0x000000075d400000, 0x000000075d400000| Untracked 
| 886|0x000000075d800000, 0x000000075d800000, 0x000000075dc00000|  0%| F|  |TAMS 0x000000075d800000, 0x000000075d800000| Untracked 
| 887|0x000000075dc00000, 0x000000075dc00000, 0x000000075e000000|  0%| F|  |TAMS 0x000000075dc00000, 0x000000075dc00000| Untracked 
| 888|0x000000075e000000, 0x000000075e000000, 0x000000075e400000|  0%| F|  |TAMS 0x000000075e000000, 0x000000075e000000| Untracked 
| 889|0x000000075e400000, 0x000000075e400000, 0x000000075e800000|  0%| F|  |TAMS 0x000000075e400000, 0x000000075e400000| Untracked 
| 890|0x000000075e800000, 0x000000075e800000, 0x000000075ec00000|  0%| F|  |TAMS 0x000000075e800000, 0x000000075e800000| Untracked 
| 891|0x000000075ec00000, 0x000000075ec00000, 0x000000075f000000|  0%| F|  |TAMS 0x000000075ec00000, 0x000000075ec00000| Untracked 
| 892|0x000000075f000000, 0x000000075f000000, 0x000000075f400000|  0%| F|  |TAMS 0x000000075f000000, 0x000000075f000000| Untracked 
| 893|0x000000075f400000, 0x000000075f400000, 0x000000075f800000|  0%| F|  |TAMS 0x000000075f400000, 0x000000075f400000| Untracked 
| 894|0x000000075f800000, 0x000000075f800000, 0x000000075fc00000|  0%| F|  |TAMS 0x000000075f800000, 0x000000075f800000| Untracked 
| 895|0x000000075fc00000, 0x000000075fc00000, 0x0000000760000000|  0%| F|  |TAMS 0x000000075fc00000, 0x000000075fc00000| Untracked 
| 896|0x0000000760000000, 0x0000000760000000, 0x0000000760400000|  0%| F|  |TAMS 0x0000000760000000, 0x0000000760000000| Untracked 
| 897|0x0000000760400000, 0x0000000760400000, 0x0000000760800000|  0%| F|  |TAMS 0x0000000760400000, 0x0000000760400000| Untracked 
| 898|0x0000000760800000, 0x0000000760800000, 0x0000000760c00000|  0%| F|  |TAMS 0x0000000760800000, 0x0000000760800000| Untracked 
| 899|0x0000000760c00000, 0x0000000760c00000, 0x0000000761000000|  0%| F|  |TAMS 0x0000000760c00000, 0x0000000760c00000| Untracked 
| 900|0x0000000761000000, 0x0000000761000000, 0x0000000761400000|  0%| F|  |TAMS 0x0000000761000000, 0x0000000761000000| Untracked 
| 901|0x0000000761400000, 0x0000000761400000, 0x0000000761800000|  0%| F|  |TAMS 0x0000000761400000, 0x0000000761400000| Untracked 
| 902|0x0000000761800000, 0x0000000761800000, 0x0000000761c00000|  0%| F|  |TAMS 0x0000000761800000, 0x0000000761800000| Untracked 
| 903|0x0000000761c00000, 0x0000000761c00000, 0x0000000762000000|  0%| F|  |TAMS 0x0000000761c00000, 0x0000000761c00000| Untracked 
| 904|0x0000000762000000, 0x0000000762000000, 0x0000000762400000|  0%| F|  |TAMS 0x0000000762000000, 0x0000000762000000| Untracked 
| 905|0x0000000762400000, 0x0000000762400000, 0x0000000762800000|  0%| F|  |TAMS 0x0000000762400000, 0x0000000762400000| Untracked 
| 906|0x0000000762800000, 0x0000000762800000, 0x0000000762c00000|  0%| F|  |TAMS 0x0000000762800000, 0x0000000762800000| Untracked 
| 907|0x0000000762c00000, 0x0000000762c00000, 0x0000000763000000|  0%| F|  |TAMS 0x0000000762c00000, 0x0000000762c00000| Untracked 
| 908|0x0000000763000000, 0x0000000763000000, 0x0000000763400000|  0%| F|  |TAMS 0x0000000763000000, 0x0000000763000000| Untracked 
| 909|0x0000000763400000, 0x0000000763400000, 0x0000000763800000|  0%| F|  |TAMS 0x0000000763400000, 0x0000000763400000| Untracked 
| 910|0x0000000763800000, 0x0000000763800000, 0x0000000763c00000|  0%| F|  |TAMS 0x0000000763800000, 0x0000000763800000| Untracked 
| 911|0x0000000763c00000, 0x0000000763c00000, 0x0000000764000000|  0%| F|  |TAMS 0x0000000763c00000, 0x0000000763c00000| Untracked 
| 912|0x0000000764000000, 0x0000000764000000, 0x0000000764400000|  0%| F|  |TAMS 0x0000000764000000, 0x0000000764000000| Untracked 
| 913|0x0000000764400000, 0x0000000764400000, 0x0000000764800000|  0%| F|  |TAMS 0x0000000764400000, 0x0000000764400000| Untracked 
| 914|0x0000000764800000, 0x0000000764800000, 0x0000000764c00000|  0%| F|  |TAMS 0x0000000764800000, 0x0000000764800000| Untracked 
| 915|0x0000000764c00000, 0x0000000764c00000, 0x0000000765000000|  0%| F|  |TAMS 0x0000000764c00000, 0x0000000764c00000| Untracked 
| 916|0x0000000765000000, 0x0000000765000000, 0x0000000765400000|  0%| F|  |TAMS 0x0000000765000000, 0x0000000765000000| Untracked 
| 917|0x0000000765400000, 0x0000000765400000, 0x0000000765800000|  0%| F|  |TAMS 0x0000000765400000, 0x0000000765400000| Untracked 
| 918|0x0000000765800000, 0x0000000765800000, 0x0000000765c00000|  0%| F|  |TAMS 0x0000000765800000, 0x0000000765800000| Untracked 
| 919|0x0000000765c00000, 0x0000000765c00000, 0x0000000766000000|  0%| F|  |TAMS 0x0000000765c00000, 0x0000000765c00000| Untracked 
| 920|0x0000000766000000, 0x0000000766000000, 0x0000000766400000|  0%| F|  |TAMS 0x0000000766000000, 0x0000000766000000| Untracked 
| 921|0x0000000766400000, 0x0000000766400000, 0x0000000766800000|  0%| F|  |TAMS 0x0000000766400000, 0x0000000766400000| Untracked 
| 922|0x0000000766800000, 0x0000000766800000, 0x0000000766c00000|  0%| F|  |TAMS 0x0000000766800000, 0x0000000766800000| Untracked 
| 923|0x0000000766c00000, 0x0000000766c00000, 0x0000000767000000|  0%| F|  |TAMS 0x0000000766c00000, 0x0000000766c00000| Untracked 
| 924|0x0000000767000000, 0x0000000767000000, 0x0000000767400000|  0%| F|  |TAMS 0x0000000767000000, 0x0000000767000000| Untracked 
| 925|0x0000000767400000, 0x0000000767400000, 0x0000000767800000|  0%| F|  |TAMS 0x0000000767400000, 0x0000000767400000| Untracked 
| 926|0x0000000767800000, 0x0000000767800000, 0x0000000767c00000|  0%| F|  |TAMS 0x0000000767800000, 0x0000000767800000| Untracked 
| 927|0x0000000767c00000, 0x0000000767c00000, 0x0000000768000000|  0%| F|  |TAMS 0x0000000767c00000, 0x0000000767c00000| Untracked 
| 928|0x0000000768000000, 0x0000000768000000, 0x0000000768400000|  0%| F|  |TAMS 0x0000000768000000, 0x0000000768000000| Untracked 
| 929|0x0000000768400000, 0x0000000768400000, 0x0000000768800000|  0%| F|  |TAMS 0x0000000768400000, 0x0000000768400000| Untracked 
| 930|0x0000000768800000, 0x0000000768800000, 0x0000000768c00000|  0%| F|  |TAMS 0x0000000768800000, 0x0000000768800000| Untracked 
| 931|0x0000000768c00000, 0x0000000768c00000, 0x0000000769000000|  0%| F|  |TAMS 0x0000000768c00000, 0x0000000768c00000| Untracked 
| 932|0x0000000769000000, 0x0000000769000000, 0x0000000769400000|  0%| F|  |TAMS 0x0000000769000000, 0x0000000769000000| Untracked 
| 933|0x0000000769400000, 0x0000000769400000, 0x0000000769800000|  0%| F|  |TAMS 0x0000000769400000, 0x0000000769400000| Untracked 
| 934|0x0000000769800000, 0x0000000769800000, 0x0000000769c00000|  0%| F|  |TAMS 0x0000000769800000, 0x0000000769800000| Untracked 
| 935|0x0000000769c00000, 0x0000000769c00000, 0x000000076a000000|  0%| F|  |TAMS 0x0000000769c00000, 0x0000000769c00000| Untracked 
| 936|0x000000076a000000, 0x000000076a000000, 0x000000076a400000|  0%| F|  |TAMS 0x000000076a000000, 0x000000076a000000| Untracked 
| 937|0x000000076a400000, 0x000000076a400000, 0x000000076a800000|  0%| F|  |TAMS 0x000000076a400000, 0x000000076a400000| Untracked 
| 938|0x000000076a800000, 0x000000076a800000, 0x000000076ac00000|  0%| F|  |TAMS 0x000000076a800000, 0x000000076a800000| Untracked 
| 939|0x000000076ac00000, 0x000000076ac00000, 0x000000076b000000|  0%| F|  |TAMS 0x000000076ac00000, 0x000000076ac00000| Untracked 
| 940|0x000000076b000000, 0x000000076b000000, 0x000000076b400000|  0%| F|  |TAMS 0x000000076b000000, 0x000000076b000000| Untracked 
| 941|0x000000076b400000, 0x000000076b400000, 0x000000076b800000|  0%| F|  |TAMS 0x000000076b400000, 0x000000076b400000| Untracked 
| 942|0x000000076b800000, 0x000000076b800000, 0x000000076bc00000|  0%| F|  |TAMS 0x000000076b800000, 0x000000076b800000| Untracked 
| 943|0x000000076bc00000, 0x000000076bc00000, 0x000000076c000000|  0%| F|  |TAMS 0x000000076bc00000, 0x000000076bc00000| Untracked 
| 944|0x000000076c000000, 0x000000076c000000, 0x000000076c400000|  0%| F|  |TAMS 0x000000076c000000, 0x000000076c000000| Untracked 
| 945|0x000000076c400000, 0x000000076c400000, 0x000000076c800000|  0%| F|  |TAMS 0x000000076c400000, 0x000000076c400000| Untracked 
| 946|0x000000076c800000, 0x000000076c800000, 0x000000076cc00000|  0%| F|  |TAMS 0x000000076c800000, 0x000000076c800000| Untracked 
| 947|0x000000076cc00000, 0x000000076cc00000, 0x000000076d000000|  0%| F|  |TAMS 0x000000076cc00000, 0x000000076cc00000| Untracked 
| 948|0x000000076d000000, 0x000000076d000000, 0x000000076d400000|  0%| F|  |TAMS 0x000000076d000000, 0x000000076d000000| Untracked 
| 949|0x000000076d400000, 0x000000076d400000, 0x000000076d800000|  0%| F|  |TAMS 0x000000076d400000, 0x000000076d400000| Untracked 
| 950|0x000000076d800000, 0x000000076d800000, 0x000000076dc00000|  0%| F|  |TAMS 0x000000076d800000, 0x000000076d800000| Untracked 
| 951|0x000000076dc00000, 0x000000076dc00000, 0x000000076e000000|  0%| F|  |TAMS 0x000000076dc00000, 0x000000076dc00000| Untracked 
| 952|0x000000076e000000, 0x000000076e000000, 0x000000076e400000|  0%| F|  |TAMS 0x000000076e000000, 0x000000076e000000| Untracked 
| 953|0x000000076e400000, 0x000000076e400000, 0x000000076e800000|  0%| F|  |TAMS 0x000000076e400000, 0x000000076e400000| Untracked 
| 954|0x000000076e800000, 0x000000076e800000, 0x000000076ec00000|  0%| F|  |TAMS 0x000000076e800000, 0x000000076e800000| Untracked 
| 955|0x000000076ec00000, 0x000000076ec00000, 0x000000076f000000|  0%| F|  |TAMS 0x000000076ec00000, 0x000000076ec00000| Untracked 
| 956|0x000000076f000000, 0x000000076f000000, 0x000000076f400000|  0%| F|  |TAMS 0x000000076f000000, 0x000000076f000000| Untracked 
| 957|0x000000076f400000, 0x000000076f400000, 0x000000076f800000|  0%| F|  |TAMS 0x000000076f400000, 0x000000076f400000| Untracked 
| 958|0x000000076f800000, 0x000000076f800000, 0x000000076fc00000|  0%| F|  |TAMS 0x000000076f800000, 0x000000076f800000| Untracked 
| 959|0x000000076fc00000, 0x000000076fc00000, 0x0000000770000000|  0%| F|  |TAMS 0x000000076fc00000, 0x000000076fc00000| Untracked 
| 960|0x0000000770000000, 0x0000000770000000, 0x0000000770400000|  0%| F|  |TAMS 0x0000000770000000, 0x0000000770000000| Untracked 
| 961|0x0000000770400000, 0x0000000770400000, 0x0000000770800000|  0%| F|  |TAMS 0x0000000770400000, 0x0000000770400000| Untracked 
| 962|0x0000000770800000, 0x0000000770800000, 0x0000000770c00000|  0%| F|  |TAMS 0x0000000770800000, 0x0000000770800000| Untracked 
| 963|0x0000000770c00000, 0x0000000770c00000, 0x0000000771000000|  0%| F|  |TAMS 0x0000000770c00000, 0x0000000770c00000| Untracked 
| 964|0x0000000771000000, 0x0000000771000000, 0x0000000771400000|  0%| F|  |TAMS 0x0000000771000000, 0x0000000771000000| Untracked 
| 965|0x0000000771400000, 0x0000000771400000, 0x0000000771800000|  0%| F|  |TAMS 0x0000000771400000, 0x0000000771400000| Untracked 
| 966|0x0000000771800000, 0x0000000771800000, 0x0000000771c00000|  0%| F|  |TAMS 0x0000000771800000, 0x0000000771800000| Untracked 
| 967|0x0000000771c00000, 0x0000000771c00000, 0x0000000772000000|  0%| F|  |TAMS 0x0000000771c00000, 0x0000000771c00000| Untracked 
| 968|0x0000000772000000, 0x0000000772000000, 0x0000000772400000|  0%| F|  |TAMS 0x0000000772000000, 0x0000000772000000| Untracked 
| 969|0x0000000772400000, 0x0000000772400000, 0x0000000772800000|  0%| F|  |TAMS 0x0000000772400000, 0x0000000772400000| Untracked 
| 970|0x0000000772800000, 0x0000000772800000, 0x0000000772c00000|  0%| F|  |TAMS 0x0000000772800000, 0x0000000772800000| Untracked 
| 971|0x0000000772c00000, 0x0000000772c00000, 0x0000000773000000|  0%| F|  |TAMS 0x0000000772c00000, 0x0000000772c00000| Untracked 
| 972|0x0000000773000000, 0x0000000773000000, 0x0000000773400000|  0%| F|  |TAMS 0x0000000773000000, 0x0000000773000000| Untracked 
| 973|0x0000000773400000, 0x0000000773400000, 0x0000000773800000|  0%| F|  |TAMS 0x0000000773400000, 0x0000000773400000| Untracked 
| 974|0x0000000773800000, 0x0000000773800000, 0x0000000773c00000|  0%| F|  |TAMS 0x0000000773800000, 0x0000000773800000| Untracked 
| 975|0x0000000773c00000, 0x0000000773c00000, 0x0000000774000000|  0%| F|  |TAMS 0x0000000773c00000, 0x0000000773c00000| Untracked 
| 976|0x0000000774000000, 0x0000000774000000, 0x0000000774400000|  0%| F|  |TAMS 0x0000000774000000, 0x0000000774000000| Untracked 
| 977|0x0000000774400000, 0x0000000774400000, 0x0000000774800000|  0%| F|  |TAMS 0x0000000774400000, 0x0000000774400000| Untracked 
| 978|0x0000000774800000, 0x0000000774800000, 0x0000000774c00000|  0%| F|  |TAMS 0x0000000774800000, 0x0000000774800000| Untracked 
| 979|0x0000000774c00000, 0x0000000774c00000, 0x0000000775000000|  0%| F|  |TAMS 0x0000000774c00000, 0x0000000774c00000| Untracked 
| 980|0x0000000775000000, 0x0000000775000000, 0x0000000775400000|  0%| F|  |TAMS 0x0000000775000000, 0x0000000775000000| Untracked 
| 981|0x0000000775400000, 0x0000000775400000, 0x0000000775800000|  0%| F|  |TAMS 0x0000000775400000, 0x0000000775400000| Untracked 
| 982|0x0000000775800000, 0x0000000775800000, 0x0000000775c00000|  0%| F|  |TAMS 0x0000000775800000, 0x0000000775800000| Untracked 
| 983|0x0000000775c00000, 0x0000000775c00000, 0x0000000776000000|  0%| F|  |TAMS 0x0000000775c00000, 0x0000000775c00000| Untracked 
| 984|0x0000000776000000, 0x0000000776000000, 0x0000000776400000|  0%| F|  |TAMS 0x0000000776000000, 0x0000000776000000| Untracked 
| 985|0x0000000776400000, 0x0000000776400000, 0x0000000776800000|  0%| F|  |TAMS 0x0000000776400000, 0x0000000776400000| Untracked 
| 986|0x0000000776800000, 0x0000000776800000, 0x0000000776c00000|  0%| F|  |TAMS 0x0000000776800000, 0x0000000776800000| Untracked 
| 987|0x0000000776c00000, 0x0000000776c00000, 0x0000000777000000|  0%| F|  |TAMS 0x0000000776c00000, 0x0000000776c00000| Untracked 
| 988|0x0000000777000000, 0x0000000777000000, 0x0000000777400000|  0%| F|  |TAMS 0x0000000777000000, 0x0000000777000000| Untracked 
| 989|0x0000000777400000, 0x0000000777400000, 0x0000000777800000|  0%| F|  |TAMS 0x0000000777400000, 0x0000000777400000| Untracked 
| 990|0x0000000777800000, 0x0000000777800000, 0x0000000777c00000|  0%| F|  |TAMS 0x0000000777800000, 0x0000000777800000| Untracked 
| 991|0x0000000777c00000, 0x0000000777c00000, 0x0000000778000000|  0%| F|  |TAMS 0x0000000777c00000, 0x0000000777c00000| Untracked 
| 992|0x0000000778000000, 0x0000000778000000, 0x0000000778400000|  0%| F|  |TAMS 0x0000000778000000, 0x0000000778000000| Untracked 
| 993|0x0000000778400000, 0x0000000778400000, 0x0000000778800000|  0%| F|  |TAMS 0x0000000778400000, 0x0000000778400000| Untracked 
| 994|0x0000000778800000, 0x0000000778800000, 0x0000000778c00000|  0%| F|  |TAMS 0x0000000778800000, 0x0000000778800000| Untracked 
| 995|0x0000000778c00000, 0x0000000778c00000, 0x0000000779000000|  0%| F|  |TAMS 0x0000000778c00000, 0x0000000778c00000| Untracked 
| 996|0x0000000779000000, 0x0000000779000000, 0x0000000779400000|  0%| F|  |TAMS 0x0000000779000000, 0x0000000779000000| Untracked 
| 997|0x0000000779400000, 0x0000000779400000, 0x0000000779800000|  0%| F|  |TAMS 0x0000000779400000, 0x0000000779400000| Untracked 
| 998|0x0000000779800000, 0x0000000779800000, 0x0000000779c00000|  0%| F|  |TAMS 0x0000000779800000, 0x0000000779800000| Untracked 
| 999|0x0000000779c00000, 0x0000000779c00000, 0x000000077a000000|  0%| F|  |TAMS 0x0000000779c00000, 0x0000000779c00000| Untracked 
|1000|0x000000077a000000, 0x000000077a000000, 0x000000077a400000|  0%| F|  |TAMS 0x000000077a000000, 0x000000077a000000| Untracked 
|1001|0x000000077a400000, 0x000000077a400000, 0x000000077a800000|  0%| F|  |TAMS 0x000000077a400000, 0x000000077a400000| Untracked 
|1002|0x000000077a800000, 0x000000077a800000, 0x000000077ac00000|  0%| F|  |TAMS 0x000000077a800000, 0x000000077a800000| Untracked 
|1003|0x000000077ac00000, 0x000000077ac00000, 0x000000077b000000|  0%| F|  |TAMS 0x000000077ac00000, 0x000000077ac00000| Untracked 
|1004|0x000000077b000000, 0x000000077b000000, 0x000000077b400000|  0%| F|  |TAMS 0x000000077b000000, 0x000000077b000000| Untracked 
|1005|0x000000077b400000, 0x000000077b400000, 0x000000077b800000|  0%| F|  |TAMS 0x000000077b400000, 0x000000077b400000| Untracked 
|1006|0x000000077b800000, 0x000000077b800000, 0x000000077bc00000|  0%| F|  |TAMS 0x000000077b800000, 0x000000077b800000| Untracked 
|1007|0x000000077bc00000, 0x000000077bc00000, 0x000000077c000000|  0%| F|  |TAMS 0x000000077bc00000, 0x000000077bc00000| Untracked 
|1008|0x000000077c000000, 0x000000077c000000, 0x000000077c400000|  0%| F|  |TAMS 0x000000077c000000, 0x000000077c000000| Untracked 
|1009|0x000000077c400000, 0x000000077c400000, 0x000000077c800000|  0%| F|  |TAMS 0x000000077c400000, 0x000000077c400000| Untracked 
|1010|0x000000077c800000, 0x000000077c800000, 0x000000077cc00000|  0%| F|  |TAMS 0x000000077c800000, 0x000000077c800000| Untracked 
|1011|0x000000077cc00000, 0x000000077cc00000, 0x000000077d000000|  0%| F|  |TAMS 0x000000077cc00000, 0x000000077cc00000| Untracked 
|1012|0x000000077d000000, 0x000000077d000000, 0x000000077d400000|  0%| F|  |TAMS 0x000000077d000000, 0x000000077d000000| Untracked 
|1013|0x000000077d400000, 0x000000077d400000, 0x000000077d800000|  0%| F|  |TAMS 0x000000077d400000, 0x000000077d400000| Untracked 
|1014|0x000000077d800000, 0x000000077d800000, 0x000000077dc00000|  0%| F|  |TAMS 0x000000077d800000, 0x000000077d800000| Untracked 
|1015|0x000000077dc00000, 0x000000077dc00000, 0x000000077e000000|  0%| F|  |TAMS 0x000000077dc00000, 0x000000077dc00000| Untracked 
|1016|0x000000077e000000, 0x000000077e000000, 0x000000077e400000|  0%| F|  |TAMS 0x000000077e000000, 0x000000077e000000| Untracked 
|1017|0x000000077e400000, 0x000000077e400000, 0x000000077e800000|  0%| F|  |TAMS 0x000000077e400000, 0x000000077e400000| Untracked 
|1018|0x000000077e800000, 0x000000077e800000, 0x000000077ec00000|  0%| F|  |TAMS 0x000000077e800000, 0x000000077e800000| Untracked 
|1019|0x000000077ec00000, 0x000000077ec00000, 0x000000077f000000|  0%| F|  |TAMS 0x000000077ec00000, 0x000000077ec00000| Untracked 
|1020|0x000000077f000000, 0x000000077f000000, 0x000000077f400000|  0%| F|  |TAMS 0x000000077f000000, 0x000000077f000000| Untracked 
|1021|0x000000077f400000, 0x000000077f400000, 0x000000077f800000|  0%| F|  |TAMS 0x000000077f400000, 0x000000077f400000| Untracked 
|1022|0x000000077f800000, 0x000000077f800000, 0x000000077fc00000|  0%| F|  |TAMS 0x000000077f800000, 0x000000077f800000| Untracked 
|1023|0x000000077fc00000, 0x000000077fc00000, 0x0000000780000000|  0%| F|  |TAMS 0x000000077fc00000, 0x000000077fc00000| Untracked 
|1024|0x0000000780000000, 0x0000000780000000, 0x0000000780400000|  0%| F|  |TAMS 0x0000000780000000, 0x0000000780000000| Untracked 
|1025|0x0000000780400000, 0x0000000780400000, 0x0000000780800000|  0%| F|  |TAMS 0x0000000780400000, 0x0000000780400000| Untracked 
|1026|0x0000000780800000, 0x0000000780800000, 0x0000000780c00000|  0%| F|  |TAMS 0x0000000780800000, 0x0000000780800000| Untracked 
|1027|0x0000000780c00000, 0x0000000780c00000, 0x0000000781000000|  0%| F|  |TAMS 0x0000000780c00000, 0x0000000780c00000| Untracked 
|1028|0x0000000781000000, 0x0000000781000000, 0x0000000781400000|  0%| F|  |TAMS 0x0000000781000000, 0x0000000781000000| Untracked 
|1029|0x0000000781400000, 0x0000000781400000, 0x0000000781800000|  0%| F|  |TAMS 0x0000000781400000, 0x0000000781400000| Untracked 
|1030|0x0000000781800000, 0x0000000781800000, 0x0000000781c00000|  0%| F|  |TAMS 0x0000000781800000, 0x0000000781800000| Untracked 
|1031|0x0000000781c00000, 0x0000000781c00000, 0x0000000782000000|  0%| F|  |TAMS 0x0000000781c00000, 0x0000000781c00000| Untracked 
|1032|0x0000000782000000, 0x0000000782000000, 0x0000000782400000|  0%| F|  |TAMS 0x0000000782000000, 0x0000000782000000| Untracked 
|1033|0x0000000782400000, 0x0000000782400000, 0x0000000782800000|  0%| F|  |TAMS 0x0000000782400000, 0x0000000782400000| Untracked 
|1034|0x0000000782800000, 0x0000000782800000, 0x0000000782c00000|  0%| F|  |TAMS 0x0000000782800000, 0x0000000782800000| Untracked 
|1035|0x0000000782c00000, 0x0000000782c00000, 0x0000000783000000|  0%| F|  |TAMS 0x0000000782c00000, 0x0000000782c00000| Untracked 
|1036|0x0000000783000000, 0x0000000783000000, 0x0000000783400000|  0%| F|  |TAMS 0x0000000783000000, 0x0000000783000000| Untracked 
|1037|0x0000000783400000, 0x0000000783400000, 0x0000000783800000|  0%| F|  |TAMS 0x0000000783400000, 0x0000000783400000| Untracked 
|1038|0x0000000783800000, 0x0000000783800000, 0x0000000783c00000|  0%| F|  |TAMS 0x0000000783800000, 0x0000000783800000| Untracked 
|1039|0x0000000783c00000, 0x0000000783c00000, 0x0000000784000000|  0%| F|  |TAMS 0x0000000783c00000, 0x0000000783c00000| Untracked 
|1040|0x0000000784000000, 0x0000000784000000, 0x0000000784400000|  0%| F|  |TAMS 0x0000000784000000, 0x0000000784000000| Untracked 
|1041|0x0000000784400000, 0x0000000784400000, 0x0000000784800000|  0%| F|  |TAMS 0x0000000784400000, 0x0000000784400000| Untracked 
|1042|0x0000000784800000, 0x0000000784800000, 0x0000000784c00000|  0%| F|  |TAMS 0x0000000784800000, 0x0000000784800000| Untracked 
|1043|0x0000000784c00000, 0x0000000784c00000, 0x0000000785000000|  0%| F|  |TAMS 0x0000000784c00000, 0x0000000784c00000| Untracked 
|1044|0x0000000785000000, 0x0000000785000000, 0x0000000785400000|  0%| F|  |TAMS 0x0000000785000000, 0x0000000785000000| Untracked 
|1045|0x0000000785400000, 0x0000000785400000, 0x0000000785800000|  0%| F|  |TAMS 0x0000000785400000, 0x0000000785400000| Untracked 
|1046|0x0000000785800000, 0x0000000785800000, 0x0000000785c00000|  0%| F|  |TAMS 0x0000000785800000, 0x0000000785800000| Untracked 
|1047|0x0000000785c00000, 0x0000000785c00000, 0x0000000786000000|  0%| F|  |TAMS 0x0000000785c00000, 0x0000000785c00000| Untracked 
|1048|0x0000000786000000, 0x0000000786000000, 0x0000000786400000|  0%| F|  |TAMS 0x0000000786000000, 0x0000000786000000| Untracked 
|1049|0x0000000786400000, 0x0000000786400000, 0x0000000786800000|  0%| F|  |TAMS 0x0000000786400000, 0x0000000786400000| Untracked 
|1050|0x0000000786800000, 0x0000000786800000, 0x0000000786c00000|  0%| F|  |TAMS 0x0000000786800000, 0x0000000786800000| Untracked 
|1051|0x0000000786c00000, 0x0000000786c00000, 0x0000000787000000|  0%| F|  |TAMS 0x0000000786c00000, 0x0000000786c00000| Untracked 
|1052|0x0000000787000000, 0x0000000787000000, 0x0000000787400000|  0%| F|  |TAMS 0x0000000787000000, 0x0000000787000000| Untracked 
|1053|0x0000000787400000, 0x0000000787400000, 0x0000000787800000|  0%| F|  |TAMS 0x0000000787400000, 0x0000000787400000| Untracked 
|1054|0x0000000787800000, 0x0000000787800000, 0x0000000787c00000|  0%| F|  |TAMS 0x0000000787800000, 0x0000000787800000| Untracked 
|1055|0x0000000787c00000, 0x0000000787c00000, 0x0000000788000000|  0%| F|  |TAMS 0x0000000787c00000, 0x0000000787c00000| Untracked 
|1056|0x0000000788000000, 0x0000000788000000, 0x0000000788400000|  0%| F|  |TAMS 0x0000000788000000, 0x0000000788000000| Untracked 
|1057|0x0000000788400000, 0x0000000788400000, 0x0000000788800000|  0%| F|  |TAMS 0x0000000788400000, 0x0000000788400000| Untracked 
|1058|0x0000000788800000, 0x0000000788800000, 0x0000000788c00000|  0%| F|  |TAMS 0x0000000788800000, 0x0000000788800000| Untracked 
|1059|0x0000000788c00000, 0x0000000788c00000, 0x0000000789000000|  0%| F|  |TAMS 0x0000000788c00000, 0x0000000788c00000| Untracked 
|1060|0x0000000789000000, 0x0000000789000000, 0x0000000789400000|  0%| F|  |TAMS 0x0000000789000000, 0x0000000789000000| Untracked 
|1061|0x0000000789400000, 0x0000000789400000, 0x0000000789800000|  0%| F|  |TAMS 0x0000000789400000, 0x0000000789400000| Untracked 
|1062|0x0000000789800000, 0x0000000789800000, 0x0000000789c00000|  0%| F|  |TAMS 0x0000000789800000, 0x0000000789800000| Untracked 
|1063|0x0000000789c00000, 0x0000000789c00000, 0x000000078a000000|  0%| F|  |TAMS 0x0000000789c00000, 0x0000000789c00000| Untracked 
|1064|0x000000078a000000, 0x000000078a000000, 0x000000078a400000|  0%| F|  |TAMS 0x000000078a000000, 0x000000078a000000| Untracked 
|1065|0x000000078a400000, 0x000000078a400000, 0x000000078a800000|  0%| F|  |TAMS 0x000000078a400000, 0x000000078a400000| Untracked 
|1066|0x000000078a800000, 0x000000078a800000, 0x000000078ac00000|  0%| F|  |TAMS 0x000000078a800000, 0x000000078a800000| Untracked 
|1067|0x000000078ac00000, 0x000000078ac00000, 0x000000078b000000|  0%| F|  |TAMS 0x000000078ac00000, 0x000000078ac00000| Untracked 
|1068|0x000000078b000000, 0x000000078b000000, 0x000000078b400000|  0%| F|  |TAMS 0x000000078b000000, 0x000000078b000000| Untracked 
|1069|0x000000078b400000, 0x000000078b400000, 0x000000078b800000|  0%| F|  |TAMS 0x000000078b400000, 0x000000078b400000| Untracked 
|1070|0x000000078b800000, 0x000000078b800000, 0x000000078bc00000|  0%| F|  |TAMS 0x000000078b800000, 0x000000078b800000| Untracked 
|1071|0x000000078bc00000, 0x000000078bc00000, 0x000000078c000000|  0%| F|  |TAMS 0x000000078bc00000, 0x000000078bc00000| Untracked 
|1072|0x000000078c000000, 0x000000078c000000, 0x000000078c400000|  0%| F|  |TAMS 0x000000078c000000, 0x000000078c000000| Untracked 
|1073|0x000000078c400000, 0x000000078c800000, 0x000000078c800000|100%| S|CS|TAMS 0x000000078c400000, 0x000000078c400000| Complete 
|1074|0x000000078c800000, 0x000000078cc00000, 0x000000078cc00000|100%| S|CS|TAMS 0x000000078c800000, 0x000000078c800000| Complete 
|1075|0x000000078cc00000, 0x000000078d000000, 0x000000078d000000|100%| S|CS|TAMS 0x000000078cc00000, 0x000000078cc00000| Complete 
|1076|0x000000078d000000, 0x000000078d400000, 0x000000078d400000|100%| S|CS|TAMS 0x000000078d000000, 0x000000078d000000| Complete 
|1077|0x000000078d400000, 0x000000078d800000, 0x000000078d800000|100%| S|CS|TAMS 0x000000078d400000, 0x000000078d400000| Complete 
|1078|0x000000078d800000, 0x000000078dc00000, 0x000000078dc00000|100%| S|CS|TAMS 0x000000078d800000, 0x000000078d800000| Complete 
|1079|0x000000078dc00000, 0x000000078e000000, 0x000000078e000000|100%| S|CS|TAMS 0x000000078dc00000, 0x000000078dc00000| Complete 
|1080|0x000000078e000000, 0x000000078e000000, 0x000000078e400000|  0%| F|  |TAMS 0x000000078e000000, 0x000000078e000000| Untracked 
|1081|0x000000078e400000, 0x000000078e400000, 0x000000078e800000|  0%| F|  |TAMS 0x000000078e400000, 0x000000078e400000| Untracked 
|1082|0x000000078e800000, 0x000000078e800000, 0x000000078ec00000|  0%| F|  |TAMS 0x000000078e800000, 0x000000078e800000| Untracked 
|1083|0x000000078ec00000, 0x000000078ec00000, 0x000000078f000000|  0%| F|  |TAMS 0x000000078ec00000, 0x000000078ec00000| Untracked 
|1084|0x000000078f000000, 0x000000078f000000, 0x000000078f400000|  0%| F|  |TAMS 0x000000078f000000, 0x000000078f000000| Untracked 
|1085|0x000000078f400000, 0x000000078f400000, 0x000000078f800000|  0%| F|  |TAMS 0x000000078f400000, 0x000000078f400000| Untracked 
|1086|0x000000078f800000, 0x000000078f800000, 0x000000078fc00000|  0%| F|  |TAMS 0x000000078f800000, 0x000000078f800000| Untracked 
|1087|0x000000078fc00000, 0x000000078fc00000, 0x0000000790000000|  0%| F|  |TAMS 0x000000078fc00000, 0x000000078fc00000| Untracked 
|1535|0x00000007ffc00000, 0x0000000800000000, 0x0000000800000000|100%| O|  |TAMS 0x0000000800000000, 0x00000007ffc00000| Untracked 

Card table byte_map: [0x000001797b2a0000,0x000001797bea0000] _byte_map_base: 0x0000017977ea0000

Marking Bits (Prev, Next): (CMBitMap*) 0x000001797934bec0, (CMBitMap*) 0x000001797934bf00
 Prev Bits: [0x0000017916a70000, 0x000001791ca70000)
 Next Bits: [0x000001791ca70000, 0x0000017922a70000)

Polling page: 0x0000017977240000

Metaspace:

Usage:
  Non-class:    495.93 MB used.
      Class:     69.05 MB used.
       Both:    564.98 MB used.

Virtual space:
  Non-class space:      512.00 MB reserved,     499.56 MB ( 98%) committed,  8 nodes.
      Class space:        1.00 GB reserved,      72.06 MB (  7%) committed,  1 nodes.
             Both:        1.50 GB reserved,     571.62 MB ( 37%) committed. 

Chunk freelists:
   Non-Class:  12.86 MB
       Class:  8.24 MB
        Both:  21.10 MB

MaxMetaspaceSize: unlimited
CompressedClassSpaceSize: 1.00 GB
Initial GC threshold: 21.00 MB
Current GC threshold: 952.75 MB
CDS: on
MetaspaceReclaimPolicy: balanced
 - commit_granule_bytes: 65536.
 - commit_granule_words: 8192.
 - virtual_space_node_default_size: 8388608.
 - enlarge_chunks_in_place: 1.
 - new_chunks_are_fully_committed: 0.
 - uncommit_free_chunks: 1.
 - use_allocation_guard: 0.
 - handle_deallocations: 1.


Internal statistics:

num_allocs_failed_limit: 21.
num_arena_births: 10420.
num_arena_deaths: 190.
num_vsnodes_births: 9.
num_vsnodes_deaths: 0.
num_space_committed: 9158.
num_space_uncommitted: 22.
num_chunks_returned_to_freelist: 473.
num_chunks_taken_from_freelist: 35874.
num_chunk_merges: 145.
num_chunk_splits: 24331.
num_chunks_enlarged: 16179.
num_inconsistent_stats: 0.

CodeHeap 'non-profiled nmethods': size=118848Kb used=89675Kb max_used=90119Kb free=29172Kb
 bounds [0x000001790f660000, 0x0000017914f10000, 0x0000017916a70000]
CodeHeap 'profiled nmethods': size=118848Kb used=116858Kb max_used=118820Kb free=1989Kb
 bounds [0x0000017907a70000, 0x000001790ee80000, 0x000001790ee80000]
CodeHeap 'non-nmethods': size=8064Kb used=4668Kb max_used=5342Kb free=3395Kb
 bounds [0x000001790ee80000, 0x000001790f3d0000, 0x000001790f660000]
 total_blobs=66688 nmethods=65099 adapters=1492
 compilation: enabled
              stopped_count=0, restarted_count=0
 full_count=0

Compilation events (20 events):
Event: 2011.743 Thread 0x00000179a1efd2e0 nmethod 89357 0x000001790a054590 code [0x000001790a054760, 0x000001790a054a28]
Event: 2011.747 Thread 0x00000179a1efd2e0 89358       2       com.android.tools.r8.internal.x0::b (79 bytes)
Event: 2011.748 Thread 0x00000179a1efd2e0 nmethod 89358 0x000001790a2de390 code [0x000001790a2de580, 0x000001790a2de938]
Event: 2011.755 Thread 0x00000179a1efd2e0 89361       2       com.android.tools.r8.internal.e0::next (30 bytes)
Event: 2011.756 Thread 0x00000179a1efd2e0 nmethod 89361 0x000001790a2ddd90 code [0x000001790a2ddf40, 0x000001790a2de178]
Event: 2011.756 Thread 0x00000179941b88b0 89362       2       com.android.tools.r8.graph.y::e (8 bytes)
Event: 2011.756 Thread 0x00000179941b88b0 nmethod 89362 0x0000017909e82210 code [0x0000017909e823a0, 0x0000017909e824c8]
Event: 2011.763 Thread 0x00000179941b88b0 89364       2       com.android.tools.r8.internal.Vq::a (1 bytes)
Event: 2011.764 Thread 0x00000179941b88b0 nmethod 89364 0x0000017909780010 code [0x00000179097801a0, 0x0000017909780298]
Event: 2011.772 Thread 0x0000017923258160 89365       2       com.android.tools.r8.graph.O0$d::a (134 bytes)
Event: 2011.775 Thread 0x0000017923258160 nmethod 89365 0x000001790c344d10 code [0x000001790c344fe0, 0x000001790c345678]
Event: 2011.776 Thread 0x00000179941b88b0 89370       3       com.android.tools.r8.internal.nB::a (412 bytes)
Event: 2011.784 Thread 0x00000179941b88b0 nmethod 89370 0x0000017908ecea90 code [0x0000017908eceec0, 0x0000017908ed17b8]
Event: 2011.789 Thread 0x0000017991ea8fc0 89372       2       com.android.tools.r8.internal.Vq::a (12 bytes)
Event: 2011.790 Thread 0x0000017991ea8fc0 nmethod 89372 0x000001790ca43110 code [0x000001790ca432a0, 0x000001790ca433e8]
Event: 2011.790 Thread 0x00000179941b9df0 nmethod 87616% 0x0000017913969790 code [0x0000017913969e60, 0x0000017913971900]
Event: 2011.793 Thread 0x00000179941b9df0 89349       4       com.android.tools.r8.internal.US::c (803 bytes)
Event: 2011.849 Thread 0x0000017923254c20 nmethod 89161 0x0000017914cacc90 code [0x0000017914cad420, 0x0000017914cb6740]
Event: 2011.883 Thread 0x00000179a1efd2e0 89377       3       com.android.tools.r8.internal.nH::contains (201 bytes)
Event: 2011.885 Thread 0x0000017923254c20 89329       4       java.util.ArrayList::elementData (7 bytes)

GC Heap History (20 events):
Event: 2007.626 GC heap after
{Heap after GC invocations=204 (full 0):
 garbage-first heap   total 3350528K, used 1779895K [0x0000000680000000, 0x0000000800000000)
  region size 4096K, 28 young (114688K), 28 survivors (114688K)
 Metaspace       used 580123K, committed 585984K, reserved 1572864K
  class space    used 70918K, committed 73792K, reserved 1048576K
}
Event: 2008.052 GC heap before
{Heap before GC invocations=204 (full 0):
 garbage-first heap   total 3350528K, used 2828471K [0x0000000680000000, 0x0000000800000000)
  region size 4096K, 284 young (1163264K), 28 survivors (114688K)
 Metaspace       used 580221K, committed 586048K, reserved 1572864K
  class space    used 70925K, committed 73792K, reserved 1048576K
}
Event: 2008.086 GC heap after
{Heap after GC invocations=205 (full 0):
 garbage-first heap   total 3350528K, used 1811465K [0x0000000680000000, 0x0000000800000000)
  region size 4096K, 21 young (86016K), 21 survivors (86016K)
 Metaspace       used 580221K, committed 586048K, reserved 1572864K
  class space    used 70925K, committed 73792K, reserved 1048576K
}
Event: 2008.622 GC heap before
{Heap before GC invocations=206 (full 0):
 garbage-first heap   total 3350528K, used 2663433K [0x0000000680000000, 0x0000000800000000)
  region size 4096K, 275 young (1126400K), 21 survivors (86016K)
 Metaspace       used 578134K, committed 585344K, reserved 1572864K
  class space    used 70695K, committed 73792K, reserved 1048576K
}
Event: 2008.653 GC heap after
{Heap after GC invocations=207 (full 0):
 garbage-first heap   total 3350528K, used 1669199K [0x0000000680000000, 0x0000000800000000)
  region size 4096K, 21 young (86016K), 21 survivors (86016K)
 Metaspace       used 578134K, committed 585344K, reserved 1572864K
  class space    used 70695K, committed 73792K, reserved 1048576K
}
Event: 2008.680 GC heap before
{Heap before GC invocations=207 (full 0):
 garbage-first heap   total 3350528K, used 1747023K [0x0000000680000000, 0x0000000800000000)
  region size 4096K, 40 young (163840K), 21 survivors (86016K)
 Metaspace       used 578134K, committed 585344K, reserved 1572864K
  class space    used 70695K, committed 73792K, reserved 1048576K
}
Event: 2008.705 GC heap after
{Heap after GC invocations=208 (full 0):
 garbage-first heap   total 3522560K, used 1357569K [0x0000000680000000, 0x0000000800000000)
  region size 4096K, 4 young (16384K), 4 survivors (16384K)
 Metaspace       used 578134K, committed 585344K, reserved 1572864K
  class space    used 70695K, committed 73792K, reserved 1048576K
}
Event: 2008.767 GC heap before
{Heap before GC invocations=208 (full 0):
 garbage-first heap   total 3522560K, used 1517313K [0x0000000680000000, 0x0000000800000000)
  region size 4096K, 43 young (176128K), 4 survivors (16384K)
 Metaspace       used 578136K, committed 585344K, reserved 1572864K
  class space    used 70695K, committed 73792K, reserved 1048576K
}
Event: 2008.804 GC heap after
{Heap after GC invocations=209 (full 0):
 garbage-first heap   total 3522560K, used 1225566K [0x0000000680000000, 0x0000000800000000)
  region size 4096K, 4 young (16384K), 4 survivors (16384K)
 Metaspace       used 578136K, committed 585344K, reserved 1572864K
  class space    used 70695K, committed 73792K, reserved 1048576K
}
Event: 2009.341 GC heap before
{Heap before GC invocations=209 (full 0):
 garbage-first heap   total 3522560K, used 2941790K [0x0000000680000000, 0x0000000800000000)
  region size 4096K, 423 young (1732608K), 4 survivors (16384K)
 Metaspace       used 578308K, committed 585344K, reserved 1572864K
  class space    used 70700K, committed 73792K, reserved 1048576K
}
Event: 2009.359 GC heap after
{Heap after GC invocations=210 (full 0):
 garbage-first heap   total 3522560K, used 1268925K [0x0000000680000000, 0x0000000800000000)
  region size 4096K, 14 young (57344K), 14 survivors (57344K)
 Metaspace       used 578308K, committed 585344K, reserved 1572864K
  class space    used 70700K, committed 73792K, reserved 1048576K
}
Event: 2009.929 GC heap before
{Heap before GC invocations=210 (full 0):
 garbage-first heap   total 3522560K, used 2960573K [0x0000000680000000, 0x0000000800000000)
  region size 4096K, 428 young (1753088K), 14 survivors (57344K)
 Metaspace       used 578396K, committed 585344K, reserved 1572864K
  class space    used 70704K, committed 73792K, reserved 1048576K
}
Event: 2009.960 GC heap after
{Heap after GC invocations=211 (full 0):
 garbage-first heap   total 3522560K, used 1310607K [0x0000000680000000, 0x0000000800000000)
  region size 4096K, 24 young (98304K), 24 survivors (98304K)
 Metaspace       used 578396K, committed 585344K, reserved 1572864K
  class space    used 70704K, committed 73792K, reserved 1048576K
}
Event: 2010.479 GC heap before
{Heap before GC invocations=211 (full 0):
 garbage-first heap   total 3522560K, used 2981775K [0x0000000680000000, 0x0000000800000000)
  region size 4096K, 432 young (1769472K), 24 survivors (98304K)
 Metaspace       used 578454K, committed 585344K, reserved 1572864K
  class space    used 70705K, committed 73792K, reserved 1048576K
}
Event: 2010.523 GC heap after
{Heap after GC invocations=212 (full 0):
 garbage-first heap   total 3522560K, used 1366722K [0x0000000680000000, 0x0000000800000000)
  region size 4096K, 38 young (155648K), 38 survivors (155648K)
 Metaspace       used 578454K, committed 585344K, reserved 1572864K
  class space    used 70705K, committed 73792K, reserved 1048576K
}
Event: 2011.125 GC heap before
{Heap before GC invocations=212 (full 0):
 garbage-first heap   total 4460544K, used 2939586K [0x0000000680000000, 0x0000000800000000)
  region size 4096K, 422 young (1728512K), 38 survivors (155648K)
 Metaspace       used 578497K, committed 585344K, reserved 1572864K
  class space    used 70706K, committed 73792K, reserved 1048576K
}
Event: 2011.187 GC heap after
{Heap after GC invocations=213 (full 0):
 garbage-first heap   total 4460544K, used 1425894K [0x0000000680000000, 0x0000000800000000)
  region size 4096K, 42 young (172032K), 42 survivors (172032K)
 Metaspace       used 578497K, committed 585344K, reserved 1572864K
  class space    used 70706K, committed 73792K, reserved 1048576K
}
Event: 2011.825 GC heap before
{Heap before GC invocations=214 (full 0):
 garbage-first heap   total 4460544K, used 3711462K [0x0000000680000000, 0x0000000800000000)
  region size 4096K, 600 young (2457600K), 42 survivors (172032K)
 Metaspace       used 578543K, committed 585344K, reserved 1572864K
  class space    used 70708K, committed 73792K, reserved 1048576K
}
Event: 2011.876 GC heap after
{Heap after GC invocations=215 (full 0):
 garbage-first heap   total 4460544K, used 1482005K [0x0000000680000000, 0x0000000800000000)
  region size 4096K, 46 young (188416K), 46 survivors (188416K)
 Metaspace       used 578543K, committed 585344K, reserved 1572864K
  class space    used 70708K, committed 73792K, reserved 1048576K
}
Event: 2011.886 GC heap before
{Heap before GC invocations=215 (full 0):
 garbage-first heap   total 4460544K, used 1514773K [0x0000000680000000, 0x0000000800000000)
  region size 4096K, 54 young (221184K), 46 survivors (188416K)
 Metaspace       used 578544K, committed 585344K, reserved 1572864K
  class space    used 70708K, committed 73792K, reserved 1048576K
}

Dll operation events (20 events):
Event: 0.035 Loaded shared library D:\Documents\.jdks\bellsoft-jdk-17.0.12\bin\jsvml.dll
Event: 0.080 Loaded shared library D:\Documents\.jdks\bellsoft-jdk-17.0.12\bin\zip.dll
Event: 0.087 Loaded shared library D:\Documents\.jdks\bellsoft-jdk-17.0.12\bin\instrument.dll
Event: 0.091 Loaded shared library D:\Documents\.jdks\bellsoft-jdk-17.0.12\bin\net.dll
Event: 0.094 Loaded shared library D:\Documents\.jdks\bellsoft-jdk-17.0.12\bin\nio.dll
Event: 0.096 Loaded shared library D:\Documents\.jdks\bellsoft-jdk-17.0.12\bin\zip.dll
Event: 0.389 Loaded shared library D:\Documents\.jdks\bellsoft-jdk-17.0.12\bin\jimage.dll
Event: 0.549 Loaded shared library D:\Documents\.jdks\bellsoft-jdk-17.0.12\bin\verify.dll
Event: 0.632 Loaded shared library D:\Documents\.gradle\native\1def1411415f61bf3af743bc5b6707747c0891f09f0c88961ee8f79bc544acac\windows-amd64\native-platform.dll
Event: 0.647 Loaded shared library D:\Documents\.gradle\native\0.2.7\x86_64-windows-gnu\gradle-fileevents.dll
Event: 1.602 Loaded shared library D:\Documents\.jdks\bellsoft-jdk-17.0.12\bin\management.dll
Event: 1.607 Loaded shared library D:\Documents\.jdks\bellsoft-jdk-17.0.12\bin\management_ext.dll
Event: 1.969 Loaded shared library D:\Documents\.jdks\bellsoft-jdk-17.0.12\bin\extnet.dll
Event: 2.220 Loaded shared library D:\Documents\.jdks\bellsoft-jdk-17.0.12\bin\sunmscapi.dll
Event: 83.159 Loaded shared library D:\Documents\.jdks\bellsoft-jdk-17.0.12\bin\rmi.dll
Event: 144.896 Loaded shared library C:\Users\CiYin\.konan\kotlin-native-prebuilt-windows-x86_64-2.2.20\konan\nativelib\orgjetbrainskotlinbackendkonanenvstubs.dll
Event: 147.562 Loaded shared library C:\Users\CiYin\.konan\kotlin-native-prebuilt-windows-x86_64-2.2.20\konan\nativelib\callbacks.dll
Event: 391.749 Loaded shared library D:\Documents\.jdks\bellsoft-jdk-17.0.12\bin\awt.dll
Event: 1280.531 Loaded shared library C:\Users\CiYin\.konan\kotlin-native-prebuilt-windows-x86_64-2.2.20\konan\nativelib\11371211707501372213\orgjetbrainskotlinbackendkonanenvstubs.dll
Event: 1282.737 Loaded shared library C:\Users\CiYin\.konan\kotlin-native-prebuilt-windows-x86_64-2.2.20\konan\nativelib\7906955385205576232\callbacks.dll

Deoptimization events (20 events):
Event: 2011.817 Thread 0x00000179a6cb4fc0 DEOPT PACKING pc=0x000001790ed6d29b sp=0x0000001e14af9a60
Event: 2011.817 Thread 0x00000179a6cb4fc0 DEOPT UNPACKING pc=0x000001790eed7143 sp=0x0000001e14af8ff8 mode 0
Event: 2011.819 Thread 0x00000179a6cb7840 DEOPT PACKING pc=0x0000017914d6f870 sp=0x0000001e14efa970
Event: 2011.819 Thread 0x00000179a6cb7840 DEOPT UNPACKING pc=0x000001790eed7143 sp=0x0000001e14efa0e8 mode 0
Event: 2011.824 Thread 0x00000179a6cb96a0 DEOPT PACKING pc=0x000001790ed6d29b sp=0x0000001e154f9ea0
Event: 2011.824 Thread 0x00000179a6cb96a0 DEOPT UNPACKING pc=0x000001790eed7143 sp=0x0000001e154f9438 mode 0
Event: 2011.877 Thread 0x000001797201eeb0 DEOPT PACKING pc=0x0000017909b13585 sp=0x0000001e161f9c10
Event: 2011.877 Thread 0x000001797201eeb0 DEOPT UNPACKING pc=0x000001790eed7143 sp=0x0000001e161f9210 mode 0
Event: 2011.877 Thread 0x00000179a6cb7840 DEOPT PACKING pc=0x0000017914d6f82e sp=0x0000001e14efa970
Event: 2011.877 Thread 0x00000179a6cb7840 DEOPT UNPACKING pc=0x000001790eed7143 sp=0x0000001e14efa0e8 mode 0
Event: 2011.878 Thread 0x000001797201eeb0 DEOPT PACKING pc=0x000001790e8b8573 sp=0x0000001e161fa090
Event: 2011.878 Thread 0x000001797201eeb0 DEOPT UNPACKING pc=0x000001790eed7143 sp=0x0000001e161f9610 mode 0
Event: 2011.883 Thread 0x0000017972009670 Uncommon trap: trap_request=0xffffff45 fr.pc=0x000001790fd1f22c relative=0x000000000000016c
Event: 2011.883 Thread 0x0000017972009670 Uncommon trap: reason=unstable_if action=reinterpret pc=0x000001790fd1f22c method=com.android.tools.r8.internal.nH.contains(Ljava/lang/Object;)Z @ 192 c2
Event: 2011.883 Thread 0x0000017972009670 DEOPT PACKING pc=0x000001790fd1f22c sp=0x0000001e177f9af0
Event: 2011.883 Thread 0x0000017972009670 DEOPT UNPACKING pc=0x000001790eed69a3 sp=0x0000001e177f9a60 mode 2
Event: 2011.883 Thread 0x000001797201e9a0 DEOPT PACKING pc=0x0000017914c976fd sp=0x0000001e160f9da0
Event: 2011.883 Thread 0x000001797201e9a0 DEOPT UNPACKING pc=0x000001790eed7143 sp=0x0000001e160f95b8 mode 0
Event: 2011.884 Thread 0x0000017972009670 DEOPT PACKING pc=0x0000017909d3796e sp=0x0000001e177f9d70
Event: 2011.884 Thread 0x0000017972009670 DEOPT UNPACKING pc=0x000001790eed7143 sp=0x0000001e177f9328 mode 0

Classes loaded (20 events):
Event: 2001.157 Loading class java/util/IdentityHashMap$IdentityHashMapSpliterator done
Event: 2001.157 Loading class java/util/IdentityHashMap$EntrySpliterator done
Event: 2001.246 Loading class java/util/SortedSet$1
Event: 2001.246 Loading class java/util/SortedSet$1 done
Event: 2002.596 Loading class java/nio/ShortBuffer
Event: 2002.597 Loading class java/nio/ShortBuffer done
Event: 2002.659 Loading class java/nio/ByteBufferAsShortBufferL
Event: 2002.659 Loading class java/nio/ByteBufferAsShortBufferL done
Event: 2002.772 Loading class java/util/zip/Adler32
Event: 2002.773 Loading class java/util/zip/Adler32 done
Event: 2002.833 Loading class java/util/Spliterators$2Adapter
Event: 2002.834 Loading class java/util/Spliterators$2Adapter done
Event: 2002.847 Loading class java/lang/StringUTF16$CodePointsSpliterator
Event: 2002.848 Loading class java/lang/StringUTF16$CodePointsSpliterator done
Event: 2003.331 Loading class com/sun/xml/internal/stream/util/ReadOnlyIterator
Event: 2003.332 Loading class com/sun/xml/internal/stream/util/ReadOnlyIterator done
Event: 2003.464 Loading class com/sun/xml/internal/stream/events/CommentEvent
Event: 2003.464 Loading class javax/xml/stream/events/Comment
Event: 2003.464 Loading class javax/xml/stream/events/Comment done
Event: 2003.464 Loading class com/sun/xml/internal/stream/events/CommentEvent done

Classes unloaded (20 events):
Event: 2008.119 Thread 0x000001792322f120 Unloading class 0x0000017928c89bf8 'org/jetbrains/kotlinx/serialization/compiler/fir/FirSerializationExtensionRegistrar$configurePlugin$5'
Event: 2008.119 Thread 0x000001792322f120 Unloading class 0x0000017928c899d0 'org/jetbrains/kotlinx/serialization/compiler/fir/FirSerializationMetadataSerializerPlugin'
Event: 2008.119 Thread 0x000001792322f120 Unloading class 0x0000017928c89620 'org/jetbrains/kotlinx/serialization/compiler/fir/FirSerializationExtensionRegistrar$configurePlugin$4'
Event: 2008.119 Thread 0x000001792322f120 Unloading class 0x0000017928c893e0 'org/jetbrains/kotlinx/serialization/compiler/fir/checkers/FirSerializationCheckersComponent'
Event: 2008.119 Thread 0x000001792322f120 Unloading class 0x0000017928c89030 'org/jetbrains/kotlinx/serialization/compiler/fir/FirSerializationExtensionRegistrar$configurePlugin$3'
Event: 2008.119 Thread 0x000001792322f120 Unloading class 0x0000017928c88df8 'org/jetbrains/kotlinx/serialization/compiler/fir/SerializationFirSupertypesExtension'
Event: 2008.119 Thread 0x000001792322f120 Unloading class 0x0000017928c88a48 'org/jetbrains/kotlinx/serialization/compiler/fir/FirSerializationExtensionRegistrar$configurePlugin$2'
Event: 2008.119 Thread 0x000001792322f120 Unloading class 0x0000017928c887d8 'org/jetbrains/kotlinx/serialization/compiler/fir/SerializationFirResolveExtension'
Event: 2008.119 Thread 0x000001792322f120 Unloading class 0x0000017928c88428 'org/jetbrains/kotlinx/serialization/compiler/fir/FirSerializationExtensionRegistrar$configurePlugin$1'
Event: 2008.119 Thread 0x000001792322f120 Unloading class 0x0000017928c88218 'org/jetbrains/kotlinx/serialization/compiler/fir/FirSerializationExtensionRegistrar'
Event: 2008.119 Thread 0x000001792322f120 Unloading class 0x0000017928c88000 'org/jetbrains/kotlinx/serialization/compiler/extensions/SerializationPluginComponentContainerContributor'
Event: 2008.119 Thread 0x000001792322f120 Unloading class 0x0000017928c83d58 'org/jetbrains/kotlinx/serialization/compiler/extensions/SerializationLoweringExtension'
Event: 2008.119 Thread 0x000001792322f120 Unloading class 0x0000017928c83a90 'org/jetbrains/kotlinx/serialization/compiler/extensions/SerializationResolveExtension'
Event: 2008.119 Thread 0x000001792322f120 Unloading class 0x0000017928c83830 'org/jetbrains/kotlinx/serialization/compiler/extensions/SerializationDescriptorSerializerPlugin'
Event: 2008.119 Thread 0x000001792322f120 Unloading class 0x0000017928c83400 'org/jetbrains/kotlinx/serialization/compiler/extensions/SerializationIntrinsicsState'
Event: 2008.119 Thread 0x000001792322f120 Unloading class 0x0000017928c83200 'org/jetbrains/kotlinx/serialization/compiler/extensions/SerializationConfigurationKeys'
Event: 2008.119 Thread 0x000001792322f120 Unloading class 0x0000017928c83000 'org/jetbrains/kotlinx/serialization/compiler/extensions/SerializationPluginOptions$Companion'
Event: 2008.119 Thread 0x000001792322f120 Unloading class 0x0000017928c82c10 'org/jetbrains/kotlinx/serialization/compiler/extensions/SerializationPluginOptions'
Event: 2008.119 Thread 0x000001792322f120 Unloading class 0x0000017928c82a10 'org/jetbrains/kotlinx/serialization/compiler/extensions/SerializationComponentRegistrar$Companion'
Event: 2008.119 Thread 0x000001792322f120 Unloading class 0x0000017928c82800 'org/jetbrains/kotlinx/serialization/compiler/extensions/SerializationComponentRegistrar'

Classes redefined (0 events):
No events

Internal exceptions (20 events):
Event: 2010.538 Thread 0x0000017972003130 Exception <a 'sun/nio/fs/WindowsException'{0x0000000756529018}> (0x0000000756529018) 
thrown [s\src\hotspot\share\prims\jni.cpp, line 516]
Event: 2010.544 Thread 0x0000017972008740 Exception <a 'sun/nio/fs/WindowsException'{0x000000075579a718}> (0x000000075579a718) 
thrown [s\src\hotspot\share\prims\jni.cpp, line 516]
Event: 2010.590 Thread 0x0000017972008740 Exception <a 'sun/nio/fs/WindowsException'{0x000000074f71e3f0}> (0x000000074f71e3f0) 
thrown [s\src\hotspot\share\prims\jni.cpp, line 516]
Event: 2010.660 Thread 0x0000017972008230 Exception <a 'sun/nio/fs/WindowsException'{0x000000074085aee0}> (0x000000074085aee0) 
thrown [s\src\hotspot\share\prims\jni.cpp, line 516]
Event: 2010.666 Thread 0x0000017972008740 Exception <a 'sun/nio/fs/WindowsException'{0x000000073f822278}> (0x000000073f822278) 
thrown [s\src\hotspot\share\prims\jni.cpp, line 516]
Event: 2010.697 Thread 0x0000017972008740 Exception <a 'sun/nio/fs/WindowsException'{0x000000073f91bf38}> (0x000000073f91bf38) 
thrown [s\src\hotspot\share\prims\jni.cpp, line 516]
Event: 2010.711 Thread 0x0000017972008740 Exception <a 'sun/nio/fs/WindowsException'{0x0000000739a2ecc8}> (0x0000000739a2ecc8) 
thrown [s\src\hotspot\share\prims\jni.cpp, line 516]
Event: 2010.719 Thread 0x0000017972003130 Exception <a 'sun/nio/fs/WindowsException'{0x000000073926c0c8}> (0x000000073926c0c8) 
thrown [s\src\hotspot\share\prims\jni.cpp, line 516]
Event: 2010.753 Thread 0x0000017972008740 Exception <a 'sun/nio/fs/WindowsException'{0x0000000736238cc0}> (0x0000000736238cc0) 
thrown [s\src\hotspot\share\prims\jni.cpp, line 516]
Event: 2010.759 Thread 0x0000017972008740 Exception <a 'sun/nio/fs/WindowsException'{0x00000007362e4768}> (0x00000007362e4768) 
thrown [s\src\hotspot\share\prims\jni.cpp, line 516]
Event: 2010.814 Thread 0x0000017972008740 Exception <a 'sun/nio/fs/WindowsException'{0x000000072f2ee0f0}> (0x000000072f2ee0f0) 
thrown [s\src\hotspot\share\prims\jni.cpp, line 516]
Event: 2010.851 Thread 0x0000017972008740 Exception <a 'sun/nio/fs/WindowsException'{0x0000000722c876a0}> (0x0000000722c876a0) 
thrown [s\src\hotspot\share\prims\jni.cpp, line 516]
Event: 2010.891 Thread 0x0000017972008740 Exception <a 'sun/nio/fs/WindowsException'{0x000000071b315ea8}> (0x000000071b315ea8) 
thrown [s\src\hotspot\share\prims\jni.cpp, line 516]
Event: 2010.926 Thread 0x0000017972008740 Exception <a 'sun/nio/fs/WindowsException'{0x00000007147058c0}> (0x00000007147058c0) 
thrown [s\src\hotspot\share\prims\jni.cpp, line 516]
Event: 2010.954 Thread 0x0000017972008740 Exception <a 'sun/nio/fs/WindowsException'{0x000000070f56aee0}> (0x000000070f56aee0) 
thrown [s\src\hotspot\share\prims\jni.cpp, line 516]
Event: 2010.972 Thread 0x0000017972008740 Exception <a 'sun/nio/fs/WindowsException'{0x000000070c11cab8}> (0x000000070c11cab8) 
thrown [s\src\hotspot\share\prims\jni.cpp, line 516]
Event: 2011.069 Thread 0x0000017972008740 Exception <a 'sun/nio/fs/WindowsException'{0x000000070790a538}> (0x000000070790a538) 
thrown [s\src\hotspot\share\prims\jni.cpp, line 516]
Event: 2011.221 Thread 0x0000017972008740 Exception <a 'sun/nio/fs/WindowsException'{0x000000078d144970}> (0x000000078d144970) 
thrown [s\src\hotspot\share\prims\jni.cpp, line 516]
Event: 2011.282 Thread 0x0000017972008740 Exception <a 'sun/nio/fs/WindowsException'{0x000000077423ac28}> (0x000000077423ac28) 
thrown [s\src\hotspot\share\prims\jni.cpp, line 516]
Event: 2011.804 Thread 0x000001797201ace0 Exception <a 'sun/nio/fs/WindowsException'{0x0000000704683bf0}> (0x0000000704683bf0) 
thrown [s\src\hotspot\share\prims\jni.cpp, line 516]

VM Operations (20 events):
Event: 2009.359 Executing VM operation: G1CollectForAllocation done
Event: 2009.874 Executing VM operation: HandshakeAllThreads
Event: 2009.876 Executing VM operation: HandshakeAllThreads done
Event: 2009.924 Executing VM operation: G1CollectForAllocation
Event: 2009.960 Executing VM operation: G1CollectForAllocation done
Event: 2010.479 Executing VM operation: G1CollectForAllocation
Event: 2010.523 Executing VM operation: G1CollectForAllocation done
Event: 2010.955 Executing VM operation: HandshakeAllThreads
Event: 2010.971 Executing VM operation: HandshakeAllThreads done
Event: 2010.985 Executing VM operation: G1PauseRemark
Event: 2011.032 Executing VM operation: G1PauseRemark done
Event: 2011.124 Executing VM operation: G1CollectForAllocation
Event: 2011.187 Executing VM operation: G1CollectForAllocation done
Event: 2011.327 Executing VM operation: G1PauseCleanup
Event: 2011.328 Executing VM operation: G1PauseCleanup done
Event: 2011.522 Executing VM operation: HandshakeAllThreads
Event: 2011.524 Executing VM operation: HandshakeAllThreads done
Event: 2011.825 Executing VM operation: G1CollectForAllocation
Event: 2011.876 Executing VM operation: G1CollectForAllocation done
Event: 2011.885 Executing VM operation: G1CollectForAllocation

Events (20 events):
Event: 2011.648 Thread 0x000001792326bdc0 flushing nmethod 0x00000179086e8810
Event: 2011.649 Thread 0x000001792326bdc0 flushing nmethod 0x0000017908807110
Event: 2011.667 Thread 0x000001792326bdc0 flushing nmethod 0x0000017909101b90
Event: 2011.670 Thread 0x000001792326bdc0 flushing nmethod 0x00000179092af990
Event: 2011.673 Thread 0x000001792326bdc0 flushing nmethod 0x00000179094a8d10
Event: 2011.676 Thread 0x000001792326bdc0 flushing nmethod 0x0000017909700610
Event: 2011.676 Thread 0x000001792326bdc0 flushing nmethod 0x0000017909780010
Event: 2011.680 Thread 0x000001792326bdc0 flushing nmethod 0x0000017909996010
Event: 2011.683 Thread 0x000001792326bdc0 flushing nmethod 0x0000017909c33110
Event: 2011.687 Thread 0x000001792326bdc0 flushing nmethod 0x0000017909e80690
Event: 2011.690 Thread 0x000001792326bdc0 flushing nmethod 0x000001790a054590
Event: 2011.697 Thread 0x000001792326bdc0 flushing nmethod 0x000001790a2ddd90
Event: 2011.709 Thread 0x000001792326bdc0 flushing nmethod 0x000001790a875410
Event: 2011.713 Thread 0x000001792326bdc0 flushing nmethod 0x000001790aabcf10
Event: 2011.731 Thread 0x000001792326bdc0 flushing nmethod 0x000001790b389190
Event: 2011.764 Thread 0x000001792326bdc0 flushing nmethod 0x000001790c344990
Event: 2011.785 Thread 0x000001792326bdc0 flushing nmethod 0x000001790ca42490
Event: 2011.785 Thread 0x000001792326bdc0 flushing nmethod 0x000001790ca9c310
Event: 2011.790 Thread 0x000001792326bdc0 flushing nmethod 0x000001790cc60210
Event: 2011.801 Thread 0x000001792326bdc0 flushing nmethod 0x000001790d30c910


Dynamic libraries:
0x00007ff64a690000 - 0x00007ff64a69e000 	D:\Documents\.jdks\bellsoft-jdk-17.0.12\bin\java.exe
0x00007ffc61660000 - 0x00007ffc618c7000 	C:\Windows\SYSTEM32\ntdll.dll
0x00007ffc60630000 - 0x00007ffc606f9000 	C:\Windows\System32\KERNEL32.DLL
0x00007ffc5e7e0000 - 0x00007ffc5ebcf000 	C:\Windows\System32\KERNELBASE.dll
0x00007ffc5ee10000 - 0x00007ffc5ef5b000 	C:\Windows\System32\ucrtbase.dll
0x00007ffc162d0000 - 0x00007ffc162eb000 	D:\Documents\.jdks\bellsoft-jdk-17.0.12\bin\VCRUNTIME140.dll
0x00007ffc27620000 - 0x00007ffc27637000 	D:\Documents\.jdks\bellsoft-jdk-17.0.12\bin\jli.dll
0x00007ffc60800000 - 0x00007ffc609c5000 	C:\Windows\System32\USER32.dll
0x00007ffc5e7b0000 - 0x00007ffc5e7d7000 	C:\Windows\System32\win32u.dll
0x00007ffc60d40000 - 0x00007ffc60d6b000 	C:\Windows\System32\GDI32.dll
0x00007ffc5ef60000 - 0x00007ffc5f08c000 	C:\Windows\System32\gdi32full.dll
0x00007ffc43950000 - 0x00007ffc43be3000 	C:\Windows\WinSxS\amd64_microsoft.windows.common-controls_6595b64144ccf1df_6.0.26100.7309_none_3e05feeae336a044\COMCTL32.dll
0x00007ffc5ed60000 - 0x00007ffc5ee03000 	C:\Windows\System32\msvcp_win.dll
0x00007ffc60d70000 - 0x00007ffc60e19000 	C:\Windows\System32\msvcrt.dll
0x00007ffc60eb0000 - 0x00007ffc60ee1000 	C:\Windows\System32\IMM32.DLL
0x00007ffc53ca0000 - 0x00007ffc53cac000 	D:\Documents\.jdks\bellsoft-jdk-17.0.12\bin\vcruntime140_1.dll
0x00007ffb80050000 - 0x00007ffb800de000 	D:\Documents\.jdks\bellsoft-jdk-17.0.12\bin\msvcp140.dll
0x00007ffb3b280000 - 0x00007ffb3beed000 	D:\Documents\.jdks\bellsoft-jdk-17.0.12\bin\server\jvm.dll
0x00007ffc609d0000 - 0x00007ffc60a84000 	C:\Windows\System32\ADVAPI32.dll
0x00007ffc604e0000 - 0x00007ffc60586000 	C:\Windows\System32\sechost.dll
0x00007ffc5fbe0000 - 0x00007ffc5fcf8000 	C:\Windows\System32\RPCRT4.dll
0x00007ffc602f0000 - 0x00007ffc60364000 	C:\Windows\System32\WS2_32.dll
0x00007ffc5e610000 - 0x00007ffc5e66e000 	C:\Windows\SYSTEM32\POWRPROF.dll
0x00007ffc4c530000 - 0x00007ffc4c565000 	C:\Windows\SYSTEM32\WINMM.dll
0x00007ffc58050000 - 0x00007ffc5805b000 	C:\Windows\SYSTEM32\VERSION.dll
0x00007ffc5e5f0000 - 0x00007ffc5e604000 	C:\Windows\SYSTEM32\UMPDC.dll
0x00007ffc5d4f0000 - 0x00007ffc5d50b000 	C:\Windows\SYSTEM32\kernel.appcore.dll
0x00007ffc31a00000 - 0x00007ffc31a0a000 	D:\Documents\.jdks\bellsoft-jdk-17.0.12\bin\jimage.dll
0x00007ffc5bd20000 - 0x00007ffc5bf62000 	C:\Windows\SYSTEM32\DBGHELP.DLL
0x00007ffc61290000 - 0x00007ffc61615000 	C:\Windows\System32\combase.dll
0x00007ffc61180000 - 0x00007ffc61256000 	C:\Windows\System32\OLEAUT32.dll
0x00007ffc4b4f0000 - 0x00007ffc4b52c000 	C:\Windows\SYSTEM32\dbgcore.DLL
0x00007ffc5f1e0000 - 0x00007ffc5f285000 	C:\Windows\System32\bcryptPrimitives.dll
0x00007ffc26860000 - 0x00007ffc2686e000 	D:\Documents\.jdks\bellsoft-jdk-17.0.12\bin\instrument.dll
0x00007ffbed100000 - 0x00007ffbed125000 	D:\Documents\.jdks\bellsoft-jdk-17.0.12\bin\java.dll
0x00007ffb7fdf0000 - 0x00007ffb7fec7000 	D:\Documents\.jdks\bellsoft-jdk-17.0.12\bin\jsvml.dll
0x00007ffc5f480000 - 0x00007ffc5fbd3000 	C:\Windows\System32\SHELL32.dll
0x00007ffc5f290000 - 0x00007ffc5f3fa000 	C:\Windows\System32\wintypes.dll
0x00007ffc5c360000 - 0x00007ffc5cbbe000 	C:\Windows\SYSTEM32\windows.storage.dll
0x00007ffc60c30000 - 0x00007ffc60d25000 	C:\Windows\System32\SHCORE.dll
0x00007ffc60280000 - 0x00007ffc602e6000 	C:\Windows\System32\shlwapi.dll
0x00007ffc5e6d0000 - 0x00007ffc5e6f9000 	C:\Windows\SYSTEM32\profapi.dll
0x00007ffbe99b0000 - 0x00007ffbe99c8000 	D:\Documents\.jdks\bellsoft-jdk-17.0.12\bin\zip.dll
0x00007ffbea600000 - 0x00007ffbea619000 	D:\Documents\.jdks\bellsoft-jdk-17.0.12\bin\net.dll
0x00007ffc57820000 - 0x00007ffc57948000 	C:\Windows\SYSTEM32\WINHTTP.dll
0x00007ffc5da40000 - 0x00007ffc5daab000 	C:\Windows\system32\mswsock.dll
0x00007ffbe99d0000 - 0x00007ffbe99e6000 	D:\Documents\.jdks\bellsoft-jdk-17.0.12\bin\nio.dll
0x00007ffc314b0000 - 0x00007ffc314c0000 	D:\Documents\.jdks\bellsoft-jdk-17.0.12\bin\verify.dll
0x00007ffc40b70000 - 0x00007ffc40b97000 	D:\Documents\.gradle\native\1def1411415f61bf3af743bc5b6707747c0891f09f0c88961ee8f79bc544acac\windows-amd64\native-platform.dll
0x00007ffb4cea0000 - 0x00007ffb4cf18000 	D:\Documents\.gradle\native\0.2.7\x86_64-windows-gnu\gradle-fileevents.dll
0x00007ffc31880000 - 0x00007ffc3188a000 	D:\Documents\.jdks\bellsoft-jdk-17.0.12\bin\management.dll
0x00007ffc31870000 - 0x00007ffc3187b000 	D:\Documents\.jdks\bellsoft-jdk-17.0.12\bin\management_ext.dll
0x00007ffc60260000 - 0x00007ffc60268000 	C:\Windows\System32\PSAPI.DLL
0x00007ffc5cf30000 - 0x00007ffc5cf64000 	C:\Windows\SYSTEM32\IPHLPAPI.DLL
0x00007ffc60250000 - 0x00007ffc6025a000 	C:\Windows\System32\NSI.dll
0x00007ffc577d0000 - 0x00007ffc577ee000 	C:\Windows\SYSTEM32\dhcpcsvc6.DLL
0x00007ffc57740000 - 0x00007ffc57763000 	C:\Windows\SYSTEM32\dhcpcsvc.DLL
0x00007ffc5cfd0000 - 0x00007ffc5d0fc000 	C:\Windows\SYSTEM32\DNSAPI.dll
0x00007ffc16320000 - 0x00007ffc16329000 	D:\Documents\.jdks\bellsoft-jdk-17.0.12\bin\extnet.dll
0x00007ffc5de30000 - 0x00007ffc5de4b000 	C:\Windows\SYSTEM32\CRYPTSP.dll
0x00007ffc5d450000 - 0x00007ffc5d48a000 	C:\Windows\system32\rsaenh.dll
0x00007ffc5daf0000 - 0x00007ffc5db1b000 	C:\Windows\SYSTEM32\USERENV.dll
0x00007ffc5e6a0000 - 0x00007ffc5e6ca000 	C:\Windows\SYSTEM32\bcrypt.dll
0x00007ffc5dc90000 - 0x00007ffc5dc9c000 	C:\Windows\SYSTEM32\CRYPTBASE.dll
0x00007ffc23020000 - 0x00007ffc2302e000 	D:\Documents\.jdks\bellsoft-jdk-17.0.12\bin\sunmscapi.dll
0x00007ffc5ebe0000 - 0x00007ffc5ed57000 	C:\Windows\System32\CRYPT32.dll
0x00007ffc5dfb0000 - 0x00007ffc5dfe0000 	C:\Windows\SYSTEM32\ncrypt.dll
0x00007ffc5df60000 - 0x00007ffc5df9f000 	C:\Windows\SYSTEM32\NTASN1.dll
0x00007ffc24130000 - 0x00007ffc24138000 	C:\Windows\system32\wshunix.dll
0x00007ffc48480000 - 0x00007ffc48498000 	C:\Windows\system32\napinsp.dll
0x00007ffc48460000 - 0x00007ffc48472000 	C:\Windows\System32\winrnr.dll
0x00007ffc48430000 - 0x00007ffc48452000 	C:\Windows\system32\nlansp_c.dll
0x00007ffc48410000 - 0x00007ffc48426000 	C:\Windows\system32\wshbth.dll
0x00007ffc53ac0000 - 0x00007ffc53acb000 	C:\Windows\System32\rasadhlp.dll
0x00007ffc53fb0000 - 0x00007ffc54036000 	C:\Windows\System32\fwpuclnt.dll
0x00007ffc25820000 - 0x00007ffc25827000 	D:\Documents\.jdks\bellsoft-jdk-17.0.12\bin\rmi.dll
0x00007ffc31910000 - 0x00007ffc3192b000 	C:\Users\CiYin\.konan\kotlin-native-prebuilt-windows-x86_64-2.2.20\konan\nativelib\orgjetbrainskotlinbackendkonanenvstubs.dll
0x00007ffc163f0000 - 0x00007ffc1641a000 	C:\Users\CiYin\.konan\kotlin-native-prebuilt-windows-x86_64-2.2.20\konan\nativelib\callbacks.dll
0x00007ffb4efb0000 - 0x00007ffb4f140000 	D:\Documents\.jdks\bellsoft-jdk-17.0.12\bin\awt.dll
0x00007ffc5a8a0000 - 0x00007ffc5a93f000 	C:\Windows\SYSTEM32\apphelp.dll
0x00007ffc5ab00000 - 0x00007ffc5abab000 	C:\Windows\system32\uxtheme.dll
0x00007ffc60370000 - 0x00007ffc604ce000 	C:\Windows\System32\MSCTF.dll
0x00007ffc60a90000 - 0x00007ffc60c27000 	C:\Windows\System32\ole32.dll
0x00007ffc5d610000 - 0x00007ffc5d646000 	C:\Windows\SYSTEM32\ntmarta.dll

dbghelp: loaded successfully - version: 4.0.5 - missing functions: none
symbol engine: initialized successfully - sym options: 0x614 - pdb path: .;D:\Documents\.jdks\bellsoft-jdk-17.0.12\bin;C:\Windows\SYSTEM32;C:\Windows\WinSxS\amd64_microsoft.windows.common-controls_6595b64144ccf1df_6.0.26100.7309_none_3e05feeae336a044;D:\Documents\.jdks\bellsoft-jdk-17.0.12\bin\server;D:\Documents\.gradle\native\1def1411415f61bf3af743bc5b6707747c0891f09f0c88961ee8f79bc544acac\windows-amd64;D:\Documents\.gradle\native\0.2.7\x86_64-windows-gnu;C:\Users\CiYin\.konan\kotlin-native-prebuilt-windows-x86_64-2.2.20\konan\nativelib

VM Arguments:
jvm_args: --add-opens=java.base/java.lang=ALL-UNNAMED --add-opens=java.base/java.lang.invoke=ALL-UNNAMED --add-opens=java.base/java.util=ALL-UNNAMED --add-opens=java.prefs/java.util.prefs=ALL-UNNAMED --add-exports=jdk.compiler/com.sun.tools.javac.api=ALL-UNNAMED --add-exports=jdk.compiler/com.sun.tools.javac.util=ALL-UNNAMED --add-opens=java.base/java.util=ALL-UNNAMED --add-opens=java.prefs/java.util.prefs=ALL-UNNAMED --add-opens=java.base/java.nio.charset=ALL-UNNAMED --add-opens=java.base/java.net=ALL-UNNAMED --add-opens=java.base/java.util.concurrent.atomic=ALL-UNNAMED --add-opens=java.xml/javax.xml.namespace=ALL-UNNAMED -Xmx6G -Dfile.encoding=UTF-8 -Duser.country=CN -Duser.language=zh -Duser.variant -javaagent:D:\Documents\.gradle\wrapper\dists\gradle-8.13-bin\5xuhj0ry160q40clulazy9h7d\gradle-8.13\lib\agents\gradle-instrumentation-agent-8.13.jar 
java_command: org.gradle.launcher.daemon.bootstrap.GradleDaemon 8.13
java_class_path (initial): D:\Documents\.gradle\wrapper\dists\gradle-8.13-bin\5xuhj0ry160q40clulazy9h7d\gradle-8.13\lib\gradle-daemon-main-8.13.jar
Launcher Type: SUN_STANDARD

[Global flags]
     intx CICompilerCount                          = 15                                        {product} {ergonomic}
     uint ConcGCThreads                            = 6                                         {product} {ergonomic}
     uint G1ConcRefinementThreads                  = 23                                        {product} {ergonomic}
   size_t G1HeapRegionSize                         = 4194304                                   {product} {ergonomic}
    uintx GCDrainStackTargetSize                   = 64                                        {product} {ergonomic}
   size_t InitialHeapSize                          = 1073741824                                {product} {ergonomic}
   size_t MarkStackSize                            = 4194304                                   {product} {ergonomic}
   size_t MaxHeapSize                              = 6442450944                                {product} {command line}
   size_t MaxNewSize                               = 3862953984                                {product} {ergonomic}
   size_t MinHeapDeltaBytes                        = 4194304                                   {product} {ergonomic}
   size_t MinHeapSize                              = 8388608                                   {product} {ergonomic}
    uintx NonNMethodCodeHeapSize                   = 8192380                                {pd product} {ergonomic}
    uintx NonProfiledCodeHeapSize                  = 121732930                              {pd product} {ergonomic}
    uintx ProfiledCodeHeapSize                     = 121732930                              {pd product} {ergonomic}
    uintx ReservedCodeCacheSize                    = 251658240                              {pd product} {ergonomic}
     bool SegmentedCodeCache                       = true                                      {product} {ergonomic}
   size_t SoftMaxHeapSize                          = 6442450944                             {manageable} {ergonomic}
     bool UseCompressedClassPointers               = true                           {product lp64_product} {ergonomic}
     bool UseCompressedOops                        = true                           {product lp64_product} {ergonomic}
     bool UseG1GC                                  = true                                      {product} {ergonomic}
     bool UseLargePagesIndividualAllocation        = false                                  {pd product} {ergonomic}

Logging:
Log output configuration:
 #0: stdout all=warning uptime,level,tags
 #1: stderr all=off uptime,level,tags

Environment Variables:
JAVA_HOME=D:\Documents\.jdks\bellsoft-jdk-17.0.12
PATH=D:\APP\ShadowBot;D:\APP\VMware Workstation\bin\;C:\Aibote;D:\APP\Aibote;D:\APP\Aibote\Environment\Node;D:\APP\Aibote\node_modules\.bin;D:\Oculus\Support\oculus-runtime;C:\Windows\system32;C:\Windows;C:\Windows\System32\Wbem;C:\Windows\System32\WindowsPowerShell\v1.0\;C:\Windows\System32\OpenSSH\;C:\Program Files\dotnet\;C:\Program Files (x86)\NVIDIA Corporation\PhysX\Common;D:\APP\adb;D:\APP\apktool;D:\APP\nvm;D:\APP\nodejs;D:\APP\miniconda\Scripts;C:\Program Files\Git\cmd;C:\Program Files (x86)\ZeroTier\One\;D:\APP\Tailscale\;C:\Users\CiYin\.local\bin;D:\APP\cursor\resources\app\bin;D:\APP\ShadowBot;D:\APP\VMware Workstation\bin\;C:\Aibote;D:\APP\Aibote;D:\APP\Aibote\Environment\Node;D:\APP\Aibote\node_modules\.bin;D:\Oculus\Support\oculus-runtime;C:\Windows\system32;C:\Windows;C:\Windows\System32\Wbem;C:\Windows\System32\WindowsPowerShell\v1.0\;C:\Windows\System32\OpenSSH\;C:\Program Files\dotnet\;C:\Program Files (x86)\NVIDIA Corporation\PhysX\Common;D:\APP\adb;D:\APP\apktool;D:\APP\nvm;D:\APP\nodejs;D:\APP\miniconda\Scripts;C:\Program Files\Git\cmd;C:\Program Files (x86)\ZeroTier\One\;D:\APP\Tailscale\;C:\Users\CiYin\.local\bin;D:\APP\cursor\resources\app\bin;
USERNAME=CiYin
OS=Windows_NT
PROCESSOR_IDENTIFIER=AMD64 Family 23 Model 113 Stepping 0, AuthenticAMD
TMP=C:\Users\CiYin\AppData\Local\Temp
TEMP=C:\Users\CiYin\AppData\Local\Temp



Periodic native trim disabled


---------------  S Y S T E M  ---------------

OS:
 Windows 11 , 64 bit Build 26100 (10.0.26100.7309)
OS uptime: 2 days 5:10 hours
Hyper-V role detected

CPU: total 32 (initial active 32) (32 cores per cpu, 2 threads per core) family 23 model 113 stepping 0 microcode 0x8701021, cx8, cmov, fxsr, ht, mmx, 3dnowpref, sse, sse2, sse3, ssse3, sse4a, sse4.1, sse4.2, popcnt, lzcnt, tsc, tscinvbit, avx, avx2, aes, clmul, bmi1, bmi2, adx, sha, fma, vzeroupper, clflush, clflushopt, hv
Processor Information for all 32 processors :
  Max Mhz: 3493, Current Mhz: 3493, Mhz Limit: 3493

Memory: 4k page, system-wide physical 65442M (15841M free)
TotalPageFile size 65442M (AvailPageFile size 435M)
current process WorkingSet (physical memory assigned to process): 5856M, peak: 5873M
current process commit charge ("private bytes"): 5996M, peak: 6519M

vm_info: OpenJDK 64-Bit Server VM (17.0.12+10-LTS) for windows-amd64 JRE (17.0.12+10-LTS), built on Jul 12 2024 12:22:16 by "" with MS VC++ 17.1 (VS2022)

END.
